timestamp,temperature,humidity,power_usage,is_anomaly
2024-01-01 00:00:00,18.121886831901772,59.855731594615,98.0061219998106,0
2024-01-01 01:00:00,19.14192062811893,59.10383783499875,109.22025832880941,0
2024-01-01 02:00:00,21.310180478322586,51.57889323194212,111.57524464593848,0
2024-01-01 03:00:00,22.63386657367577,50.683974153279536,126.64896464370719,0
2024-01-01 04:00:00,22.435738347245096,49.955416299312716,127.03910179513088,0
2024-01-01 05:00:00,23.29968315498948,52.53251003718981,131.7070120497518,0
2024-01-01 06:00:00,24.081136161266915,50.42388047437895,139.2025487152082,0
2024-01-01 07:00:00,23.704057920796977,51.491717597801156,136.11528554146545,0
2024-01-01 08:00:00,23.229431959704915,49.629504583466264,128.00861699378103,0
2024-01-01 09:00:00,21.946423116089854,51.24962837522874,122.73633350053701,0
2024-01-01 10:00:00,21.401759189945132,55.671720575084066,117.67677520910536,0
2024-01-01 11:00:00,19.919031044786706,57.49922104537796,113.29318634170264,0
2024-01-01 12:00:00,18.086412279024486,60.82310822829619,104.02316498842298,0
2024-01-01 13:00:00,16.96298221217209,62.306683964632526,95.72238249464459,0
2024-01-01 14:00:00,15.25700373690082,65.41721558968194,94.40154375212714,0
2024-01-01 15:00:00,13.48864232772742,67.30824643922314,83.76448765422344,0
2024-01-01 16:00:00,13.03134789092637,69.82690512147177,86.551205746215,0
2024-01-01 17:00:00,11.90589200193399,70.8697706858074,77.23265475831948,0
2024-01-01 18:00:00,12.44138012052291,67.57019200841235,81.59085320126151,0
2024-01-01 19:00:00,12.27947467787109,66.2883554298794,78.61705759224104,0
2024-01-01 20:00:00,12.829902631875264,70.16287213432165,83.70984698392438,0
2024-01-01 21:00:00,13.589987495119138,68.85265545175838,83.68403122171587,0
2024-01-01 22:00:00,15.599016535469609,63.469065470729994,89.76924105053601,0
2024-01-01 23:00:00,16.50027393655735,59.79843734120677,101.19426374342383,0
2024-01-02 00:00:00,17.948668871134757,60.1485522315108,110.78397455207623,0
2024-01-02 01:00:00,19.537060850419834,58.80806688850058,115.93131865674371,0
2024-01-02 02:00:00,21.34292367422134,57.69639178365147,119.40320773790886,0
2024-01-02 03:00:00,22.52381831286492,53.7033785462867,125.5996703290113,0
2024-01-02 04:00:00,23.50124546734503,50.78217091727708,130.35960694481884,0
2024-01-02 05:00:00,24.112883358937562,49.00104580473202,132.51606238489998,0
2024-01-02 06:00:00,25.006659040348183,50.01717693750598,139.33814475736546,0
2024-01-02 07:00:00,23.787988951180566,49.89184468128143,141.5185291124959,0
2024-01-02 08:00:00,23.15125533107802,49.817144103562384,135.24925223920079,0
2024-01-02 09:00:00,22.082131595820133,56.00206566442946,123.87079246666654,0
2024-01-02 10:00:00,21.4163917690302,57.677752603108196,123.98344667685777,0
2024-01-02 11:00:00,20.179503187703485,59.11588257430794,116.93543262606848,0
2024-01-02 12:00:00,18.134421016938052,58.6187244032863,116.03727537249456,0
2024-01-02 13:00:00,16.296023138599868,63.87071943747112,97.68967964049861,0
2024-01-02 14:00:00,14.860207513723509,65.95943961424683,93.71627545445372,0
2024-01-02 15:00:00,14.2125964280106,67.73488624817153,93.84147670496972,0
2024-01-02 16:00:00,13.301149245774743,70.53475193841005,85.34121088231828,0
2024-01-02 17:00:00,12.626706749587672,70.61231497718259,82.70517147976123,0
2024-01-02 18:00:00,11.943796117084522,71.1100213544565,80.34375331107164,0
2024-01-02 19:00:00,12.512309571492278,70.614617687949,82.00506287518373,0
2024-01-02 20:00:00,13.070521900949656,69.17144114984755,86.32410444911423,0
2024-01-02 21:00:00,14.069834751572321,64.3956511172942,86.29545970665771,0
2024-01-02 22:00:00,15.578571511179268,65.12543161611585,97.52248399897584,0
2024-01-02 23:00:00,16.771523948894746,61.75390251275152,97.94208432860064,0
2024-01-03 00:00:00,18.511565425228753,58.08023856353998,110.73438304031284,0
2024-01-03 01:00:00,19.824945898410675,59.934534477926036,117.96005250582526,0
2024-01-03 02:00:00,21.365647759475998,57.59349301132855,122.70684879328509,0
2024-01-03 03:00:00,22.750155977454696,54.96776308857795,130.58398091270314,0
2024-01-03 04:00:00,22.873290094764368,51.722566087439425,133.42187914197856,0
2024-01-03 05:00:00,23.93268647119149,52.366679418538304,134.92829336678656,0
2024-01-03 06:00:00,24.08185093828288,50.01807977090274,137.94884445418325,0
2024-01-03 07:00:00,23.815003818437074,50.64493765245599,134.50696281760315,0
2024-01-03 08:00:00,23.366095522215964,49.69953890646263,135.6094085436573,0
2024-01-03 09:00:00,23.12561721161305,53.52441914488277,126.23018894542221,0
2024-01-03 10:00:00,20.9436675537227,55.09057889263663,125.3983188121331,0
2024-01-03 11:00:00,20.23522561245172,55.45783137372309,112.26611194695586,0
2024-01-03 12:00:00,17.626852091353694,59.923204332275084,106.11943007793735,0
2024-01-03 13:00:00,16.618131717390572,62.46859610523999,97.94133565373339,0
2024-01-03 14:00:00,15.375101226042009,67.69634174996695,96.3059589049228,0
2024-01-03 15:00:00,14.306848245424424,68.41238780463559,86.84873421311883,0
2024-01-03 16:00:00,13.408338209210516,68.67742219648159,80.18576385654288,0
2024-01-03 17:00:00,12.84678393634556,70.0324392275923,79.04125764731833,0
2024-01-03 18:00:00,12.190509971100624,70.0663185671563,69.91332097659827,0
2024-01-03 19:00:00,12.354504325199764,69.35488728569737,76.83102629814023,0
2024-01-03 20:00:00,13.487037929796232,67.03661324176196,85.64498100051735,0
2024-01-03 21:00:00,14.025837582928064,66.84448999545509,84.50415684876494,0
2024-01-03 22:00:00,14.839725470664831,63.88085261502123,90.203739507508,0
2024-01-03 23:00:00,16.34877084378349,60.71271714264047,98.55250006858164,0
2024-01-04 00:00:00,17.992219085599352,60.76683272182131,107.0256531211186,0
2024-01-04 01:00:00,20.11677856823661,57.99870653887468,105.77109151760338,0
2024-01-04 02:00:00,21.42697029442822,52.3199387329479,113.60643079829083,0
2024-01-04 03:00:00,22.893834828746392,52.744905231891835,125.14686792840654,0
2024-01-04 04:00:00,23.40525136417201,52.83329804100551,126.78368417194963,0
2024-01-04 05:00:00,24.243970834165097,51.9295773454538,135.502041026357,0
2024-01-04 06:00:00,24.640236157586934,51.53875526432786,131.27968616990748,0
2024-01-04 07:00:00,24.066816341846316,50.3991115474615,125.03329865316184,0
2024-01-04 08:00:00,23.778862517729596,50.07217797020189,123.66714302476291,0
2024-01-04 09:00:00,22.38287031069263,51.303383947097416,114.08382013773782,0
2024-01-04 10:00:00,21.264778461373993,55.516907357125504,115.04492432401561,0
2024-01-04 11:00:00,19.815219113015786,57.980729600522544,107.57333091404568,0
2024-01-04 12:00:00,17.941664141764388,61.93099666740759,98.72661187065434,0
2024-01-04 13:00:00,17.066874721699108,64.23815992653834,95.09815382125032,0
2024-01-04 14:00:00,15.242239063918918,64.80165701520323,87.84825857368588,0
2024-01-04 15:00:00,14.197356960371806,65.20475899357415,77.15598653330224,0
2024-01-04 16:00:00,13.436146240855738,68.18159414232804,66.12473422227455,0
2024-01-04 17:00:00,12.828057512677569,69.98510505510647,71.0149538811756,0
2024-01-04 18:00:00,12.716154043589114,69.69687513191589,69.44087134596259,0
2024-01-04 19:00:00,12.620050848461819,68.7924171007742,69.36220947077356,0
2024-01-04 20:00:00,13.094528252475696,69.03958126029924,74.01612539028211,0
2024-01-04 21:00:00,14.190472028518148,66.31513119974957,71.98952165546875,0
2024-01-04 22:00:00,14.795066226416786,64.05790087441194,87.37285591489145,0
2024-01-04 23:00:00,16.34324074041565,63.055369702480355,85.35822514430139,0
2024-01-05 00:00:00,17.95092015505823,59.3970111298062,97.90883139042697,0
2024-01-05 01:00:00,19.639015539574512,57.77796613244235,98.02984198710486,0
2024-01-05 02:00:00,21.649909690689366,55.4098060342782,107.20920593818981,0
2024-01-05 03:00:00,22.37544906497526,51.21978868649716,120.44198861061906,0
2024-01-05 04:00:00,23.54488740109088,50.617884276357486,119.56486206389442,0
2024-01-05 05:00:00,24.820246276848835,52.49740714698401,125.55934074833542,0
2024-01-05 06:00:00,24.367494411575432,48.25688073089857,124.47596814757041,0
2024-01-05 07:00:00,24.605561185121246,47.165760063653515,122.14002620789033,0
2024-01-05 08:00:00,23.34270535070268,48.54697823229185,123.27058571062203,0
2024-01-05 09:00:00,22.685465663972224,52.97259710799954,113.43215914977522,0
2024-01-05 10:00:00,21.149991178035773,55.04637591704904,102.32726695901134,0
2024-01-05 11:00:00,19.952301040254916,57.23539326583708,97.77513384576604,0
2024-01-05 12:00:00,18.876123254982964,61.82128474339274,93.83526036142482,0
2024-01-05 13:00:00,16.301157560107956,58.57893880137077,85.37597816834531,0
2024-01-05 14:00:00,15.723769457418335,65.59390081164625,72.0364375061337,0
2024-01-05 15:00:00,14.407453553813626,69.41322511457084,68.14652701389613,0
2024-01-05 16:00:00,13.126187595014658,66.9685828905068,63.613819801015744,0
2024-01-05 17:00:00,12.19102190051021,69.08954849520585,61.084662493939184,0
2024-01-05 18:00:00,12.598851803085548,68.87066212415706,56.86257055517115,0
2024-01-05 19:00:00,12.567647958640071,68.31773919377439,59.97148932826976,0
2024-01-05 20:00:00,13.47691806183525,68.17086103030982,62.524668944246216,0
2024-01-05 21:00:00,14.351100171090083,69.21229573739225,71.66256304060562,0
2024-01-05 22:00:00,16.230711556528362,67.75608001323128,77.87163587510932,0
2024-01-05 23:00:00,16.946343478395647,62.08428161346501,82.13873900976716,0
2024-01-06 00:00:00,9.565692040133996,62.85759032109676,9.083988013995679,1
2024-01-06 01:00:00,33.46481501948864,57.465174264451726,39.0636393716955,1
2024-01-06 02:00:00,21.697998673588696,57.63053654005164,102.66196641538194,0
2024-01-06 03:00:00,23.401315717215443,52.78898421365432,107.8355850901616,0
2024-01-06 04:00:00,24.150196921072457,51.53633270122484,113.18806051494417,0
2024-01-06 05:00:00,24.563303381394213,50.88895344607357,117.08032824887367,0
2024-01-06 06:00:00,25.215321156487825,54.7682805190513,116.50957860062319,0
2024-01-06 07:00:00,23.955049736005268,51.61767009937651,119.47094641797666,0
2024-01-06 08:00:00,23.580251809606743,50.2788491672284,118.19787116307253,0
2024-01-06 09:00:00,22.517010310557083,54.382428993548295,106.51478643426933,0
2024-01-06 10:00:00,21.494076078737695,54.457251194373484,105.18707787139682,0
2024-01-06 11:00:00,19.657239811592596,56.67718427462299,97.27909923494371,0
2024-01-06 12:00:00,18.914060378725747,61.36290203983819,91.27524693479211,0
2024-01-06 13:00:00,17.023196650545383,62.63481883268191,82.53735407972302,0
2024-01-06 14:00:00,15.081677482198948,65.4178638717677,71.08347410234376,0
2024-01-06 15:00:00,14.0261276803977,67.09204564466341,65.5607953647484,0
2024-01-06 16:00:00,13.609253116273443,69.16512872775255,64.7987711267797,0
2024-01-06 17:00:00,13.224695669423339,70.29670710904492,64.9429454118647,0
2024-01-06 18:00:00,13.488692356676713,67.09454960094187,54.347749207846796,0
2024-01-06 19:00:00,14.064990028668518,70.659117265805,63.218251015686576,0
2024-01-06 20:00:00,13.669611350603766,67.18722490809894,68.92784986448537,0
2024-01-06 21:00:00,14.066544064867944,64.9076191085264,69.86047694350196,0
2024-01-06 22:00:00,14.857181487707491,64.91238313421195,78.38821974491944,0
2024-01-06 23:00:00,17.269170314322395,62.714161955996914,82.08024360656421,0
2024-01-07 00:00:00,18.39482356187586,58.959740753141595,91.82358657748902,0
2024-01-07 01:00:00,20.111771366543252,58.65835733547676,95.32211356669663,0
2024-01-07 02:00:00,21.485161280376047,52.98673725044369,100.63645135644497,0
2024-01-07 03:00:00,22.921324332552743,52.31851656497567,116.97043302740683,0
2024-01-07 04:00:00,24.362544515021682,50.46243475975612,116.2240499526506,0
2024-01-07 05:00:00,24.60337438471255,50.27086083160031,121.08831714088053,0
2024-01-07 06:00:00,24.686546065184526,50.418296426970855,119.60577522160209,0
2024-01-07 07:00:00,24.13629345660409,48.82890231267399,118.80966382368545,0
2024-01-07 08:00:00,23.2862792448249,52.426169978339935,119.82604843261313,0
2024-01-07 09:00:00,22.813117523489964,53.02343574063656,113.70415108803617,0
2024-01-07 10:00:00,21.748486979672677,52.16208062003213,111.13391299398413,0
2024-01-07 11:00:00,21.035086236047075,54.47392238837925,104.44950032728376,0
2024-01-07 12:00:00,18.832109808589188,59.981521060605985,96.6237115477984,0
2024-01-07 13:00:00,17.62518153379412,62.256739474345636,88.9523107765124,0
2024-01-07 14:00:00,15.590281760584348,64.84486982963803,86.07989437113176,0
2024-01-07 15:00:00,14.078381806313908,67.02909412707015,72.28122463771726,0
2024-01-07 16:00:00,13.217800872400417,68.99859379710966,70.90688154374902,0
2024-01-07 17:00:00,12.719354616451296,71.08073267766312,71.83210422186154,0
2024-01-07 18:00:00,13.661387892974066,68.33334264862366,71.56841008845096,0
2024-01-07 19:00:00,12.690890370575831,67.9013008735395,64.89781819166507,0
2024-01-07 20:00:00,13.959243258787883,67.02026825101335,71.59174889973737,0
2024-01-07 21:00:00,14.221188441645877,67.50444281261858,81.74151509097214,0
2024-01-07 22:00:00,16.20262920514971,66.86742106796964,85.776936379733,0
2024-01-07 23:00:00,17.436066115827245,61.941181293665906,92.44730579860055,0
2024-01-08 00:00:00,18.777344840936752,56.24745023376053,99.34694591969597,0
2024-01-08 01:00:00,20.381609260160946,54.85582025505923,106.98708051871563,0
2024-01-08 02:00:00,21.58808492182825,53.75044491580597,116.61195812513525,0
2024-01-08 03:00:00,23.2760695677121,52.09233885689173,121.57572582167595,0
2024-01-08 04:00:00,23.87415903057031,50.72716302127354,127.34344891216152,0
2024-01-08 05:00:00,24.170312652227505,50.39861342158069,131.0726869786463,0
2024-01-08 06:00:00,24.358824970272153,49.532380503766326,130.19099475408265,0
2024-01-08 07:00:00,24.739590124823266,51.91475115292442,133.16235336134162,0
2024-01-08 08:00:00,24.70778892527082,50.325720003633535,137.67104780288852,0
2024-01-08 09:00:00,23.191637332548645,51.63545524892124,119.18503413716978,0
2024-01-08 10:00:00,21.842544669556055,55.718313307780676,119.62544781623393,0
2024-01-08 11:00:00,20.56224472645614,55.10834644408561,109.4829213304163,0
2024-01-08 12:00:00,19.42240069668272,60.58453755798002,106.07104512373327,0
2024-01-08 13:00:00,17.439838729930443,62.74202022661457,97.04778734963868,0
2024-01-08 14:00:00,15.745629107666518,64.77883626512272,92.28556432212744,0
2024-01-08 15:00:00,15.114874796904674,69.45348197258937,87.63363705908331,0
2024-01-08 16:00:00,13.895350152678033,67.72694286990227,80.2297018204077,0
2024-01-08 17:00:00,13.743747439063995,72.74970551867679,80.35658393230553,0
2024-01-08 18:00:00,13.003293774888762,69.66185282615785,69.2020043372213,0
2024-01-08 19:00:00,12.649657429577397,67.74373359543533,82.31645621785727,0
2024-01-08 20:00:00,13.196583897595099,68.76513340933663,81.94615171985305,0
2024-01-08 21:00:00,15.362730485773218,65.45670001138733,89.09139444350461,0
2024-01-08 22:00:00,16.63946628831333,63.87236622827974,88.67089148377376,0
2024-01-08 23:00:00,17.330278044071818,63.183740401048475,97.32283623356281,0
2024-01-09 00:00:00,18.806725071545596,60.83337313297521,108.25612970711457,0
2024-01-09 01:00:00,21.102491987512003,56.47855799859341,115.7594354827299,0
2024-01-09 02:00:00,21.527181727182573,56.48110771756966,124.11159350718977,0
2024-01-09 03:00:00,22.85974987953694,54.66519382516626,132.93399091066905,0
2024-01-09 04:00:00,24.43348314058224,53.49419859700057,129.34535520546896,0
2024-01-09 05:00:00,24.62271290859056,51.13486184779792,140.74038593887,0
2024-01-09 06:00:00,24.98795125331197,52.045143068128546,139.03453440889797,0
2024-01-09 07:00:00,24.725177798324605,47.519544095148234,137.53205176399817,0
2024-01-09 08:00:00,24.3311822422262,50.86288613921293,130.87615389682048,0
2024-01-09 09:00:00,23.810633431644785,51.62842430364936,132.16118274381074,0
2024-01-09 10:00:00,22.046233962760706,55.17883879169107,117.31340450476833,0
2024-01-09 11:00:00,20.82548978792587,56.55463572017969,119.36901164968245,0
2024-01-09 12:00:00,18.199931159587628,59.75076323707535,105.27296161539942,0
2024-01-09 13:00:00,17.45259836861285,65.41145277133124,102.22146711710981,0
2024-01-09 14:00:00,15.692707891882867,64.74542030536941,94.5308017502676,0
2024-01-09 15:00:00,14.3048340887113,67.69175628765073,92.23253310521781,0
2024-01-09 16:00:00,13.492586630521867,68.31185004295804,83.45531035123697,0
2024-01-09 17:00:00,13.115795665985262,69.77282819482593,78.93281657577494,0
2024-01-09 18:00:00,13.416361016942407,70.00902502065411,78.4801919120864,0
2024-01-09 19:00:00,12.72888795516976,70.33174436185043,84.83388056547592,0
2024-01-09 20:00:00,13.876100174331132,70.40821534116516,85.60016676582131,0
2024-01-09 21:00:00,14.628691539547285,69.54215880827047,87.56702871876652,0
2024-01-09 22:00:00,15.938930762255188,65.46443012286379,94.17896900235762,0
2024-01-09 23:00:00,17.923188859506695,63.47251078007864,97.35956210750082,0
2024-01-10 00:00:00,19.295246174801555,58.27370323622167,110.91470172437279,0
2024-01-10 01:00:00,21.17287351359218,57.27999443535143,112.14438249287969,0
2024-01-10 02:00:00,22.028197728300007,56.41043419732544,126.81111745536761,0
2024-01-10 03:00:00,23.05926364245101,54.22788514576024,131.03790151615394,0
2024-01-10 04:00:00,24.206608895954446,51.65716056134817,142.45035499869704,0
2024-01-10 05:00:00,24.997553674242894,51.67033267646126,134.84299068619887,0
2024-01-10 06:00:00,25.180629343381483,50.736150063490726,138.70170240590227,0
2024-01-10 07:00:00,24.476799728841062,52.1412011244983,143.21379182648732,0
2024-01-10 08:00:00,24.352348335357796,51.77378469759125,138.21518507225187,0
2024-01-10 09:00:00,23.45893201917486,52.395384714777954,127.59180927313963,0
2024-01-10 10:00:00,23.136989615013576,55.50376188539952,123.93429002828033,0
2024-01-10 11:00:00,21.438652115127837,53.01591798519556,115.81654721998778,0
2024-01-10 12:00:00,18.79870265977651,60.574328604577516,108.66418242686294,0
2024-01-10 13:00:00,17.47713238476523,57.11557121320299,97.71910457042455,0
2024-01-10 14:00:00,15.564623199265176,62.4148048888919,92.06255751019594,0
2024-01-10 15:00:00,14.676076507295326,67.74872071327694,81.06370725043894,0
2024-01-10 16:00:00,14.090089578729504,69.37654804374458,81.22633561978029,0
2024-01-10 17:00:00,13.851786490620883,67.9156150926808,78.89516134437464,0
2024-01-10 18:00:00,12.878366464902557,68.93184693718159,75.5526397806557,0
2024-01-10 19:00:00,13.117786466238469,71.71506974581189,72.11527439530859,0
2024-01-10 20:00:00,13.124931965397902,67.93420884048538,82.61803405565745,0
2024-01-10 21:00:00,14.877292944662724,70.43544828047,85.20069244353522,0
2024-01-10 22:00:00,15.765034235256147,64.99712022023553,87.82195470689695,0
2024-01-10 23:00:00,17.430309958438425,63.20024471634715,96.06631358914069,0
2024-01-11 00:00:00,18.849255688732907,62.425311597748006,99.83682918282979,0
2024-01-11 01:00:00,20.720209248914095,57.60835022326493,108.6872612129393,0
2024-01-11 02:00:00,21.50690864345735,53.49648402896379,117.03997620459253,0
2024-01-11 03:00:00,22.8708225889629,52.76434101059308,128.2012564919886,0
2024-01-11 04:00:00,25.26785126751794,51.2863298578705,127.00980368497972,0
2024-01-11 05:00:00,24.505585925224796,48.29362925880698,133.48660621768352,0
2024-01-11 06:00:00,24.791285768618145,49.616251892988764,130.6102607309784,0
2024-01-11 07:00:00,25.765320369062934,49.227453596113165,131.58073354285682,0
2024-01-11 08:00:00,25.598179290402808,52.72628259793674,127.04699826886358,0
2024-01-11 09:00:00,23.019014035589194,52.980849999412335,124.95201799690797,0
2024-01-11 10:00:00,30.629256713914103,54.57580637627863,158.7036345745907,1
2024-01-11 11:00:00,20.94453649099129,57.25253665304099,103.42089854583136,0
2024-01-11 12:00:00,19.95147905776223,60.33468302760926,95.85415290590907,0
2024-01-11 13:00:00,17.317342898013607,63.51341175055983,90.265884222333,0
2024-01-11 14:00:00,16.171888861623135,63.50043165699596,80.50551915210151,0
2024-01-11 15:00:00,15.34329434330542,65.50868636293356,78.89778785040917,0
2024-01-11 16:00:00,14.257754007080036,70.31727286094815,71.13151073013098,0
2024-01-11 17:00:00,13.338982613773549,69.0407529545836,76.28692878977809,0
2024-01-11 18:00:00,13.236470814193583,67.8747368611047,62.56164687502547,0
2024-01-11 19:00:00,12.949486718917584,70.32497732696537,69.04493429643209,0
2024-01-11 20:00:00,14.008578079703499,69.35530874689343,67.68782707184077,0
2024-01-11 21:00:00,14.955804316877101,64.77499492598048,74.00380192370373,0
2024-01-11 22:00:00,16.402867955850507,65.3442225731954,81.77084817635772,0
2024-01-11 23:00:00,17.53995484185725,63.69156508966781,81.26039427910399,0
2024-01-12 00:00:00,19.50861540901808,60.56157967755935,96.37164095918864,0
2024-01-12 01:00:00,21.28300059774305,58.35978177461689,108.80060745716747,0
2024-01-12 02:00:00,22.39217173106735,52.89359635286393,108.63968510489407,0
2024-01-12 03:00:00,23.718343250478974,53.42549242062881,116.67230624085963,0
2024-01-12 04:00:00,24.55741456173777,50.885816322949964,123.42232661227307,0
2024-01-12 05:00:00,25.14058871497096,49.61655649902237,122.54771243285597,0
2024-01-12 06:00:00,25.061376786582862,51.30583341412959,122.02222141581822,0
2024-01-12 07:00:00,25.277152662403743,52.55965350312064,115.62769146472563,0
2024-01-12 08:00:00,24.51723778334123,54.031301044056164,121.10200689400885,0
2024-01-12 09:00:00,24.444908010691538,54.901143995393355,113.80263039454435,0
2024-01-12 10:00:00,22.999341960990073,54.83539872755477,104.63142972753712,0
2024-01-12 11:00:00,21.08225289163773,57.9408897935143,100.5646442524542,0
2024-01-12 12:00:00,19.07477711612213,61.1502343076763,90.43064410490135,0
2024-01-12 13:00:00,17.387121140591496,62.76995737497442,82.60417245591107,0
2024-01-12 14:00:00,16.866457181235564,65.19614628186729,78.55648572516625,0
2024-01-12 15:00:00,15.257459002939608,68.3066975096797,66.3044073381494,0
2024-01-12 16:00:00,14.395904938650014,68.57133006880548,68.50092970684373,0
2024-01-12 17:00:00,12.911610647475923,68.56532785833016,57.98801278692669,0
2024-01-12 18:00:00,13.780975392623272,69.37829040124622,59.00220709591002,0
2024-01-12 19:00:00,13.80121317755133,70.6101238294913,67.6254412348279,0
2024-01-12 20:00:00,13.779675303527593,68.66474397464428,68.09256468495215,0
2024-01-12 21:00:00,14.993749389900735,67.58138277716799,69.64077523880623,0
2024-01-12 22:00:00,16.535486881742578,66.00511886330334,72.62268129563479,0
2024-01-12 23:00:00,17.90307244872739,62.02592825667877,80.98835346393408,0
2024-01-13 00:00:00,19.323131525678562,61.13437224544474,90.47054682193877,0
2024-01-13 01:00:00,20.956518963388692,57.980073454162465,98.05147631776128,0
2024-01-13 02:00:00,22.349209048717245,53.147780369632784,104.83907894887082,0
2024-01-13 03:00:00,23.75866569196025,55.092389374913935,111.18358379441133,0
2024-01-13 04:00:00,25.24474921190386,50.588628846520294,115.36559881260585,0
2024-01-13 05:00:00,24.233891581361885,47.85809872233155,114.65883153386801,0
2024-01-13 06:00:00,25.375259894196127,48.43243443562055,118.4504677735175,0
2024-01-13 07:00:00,25.34115992628339,48.809173996091836,121.72863990274858,0
2024-01-13 08:00:00,24.794550018581486,51.41800594014189,111.9037212490681,0
2024-01-13 09:00:00,23.578874854590754,52.51815642981519,110.7074148020461,0
2024-01-13 10:00:00,21.78731128700858,54.49475204853909,102.65242995143623,0
2024-01-13 11:00:00,21.179112464100818,58.34136249719843,98.2729579089373,0
2024-01-13 12:00:00,20.19094008566567,60.509813041789066,89.0848213349813,1
2024-01-13 13:00:00,17.338541167418448,63.06226225699159,91.29406566467215,1
2024-01-13 14:00:00,16.855531205479334,65.61474268599294,85.5354499761382,1
2024-01-13 15:00:00,15.140949223631566,67.99526981386882,78.26969662113116,1
2024-01-13 16:00:00,14.299317838961853,65.49832402517818,83.86704157772313,1
2024-01-13 17:00:00,13.30828563798401,69.112600884494,80.96121851241342,1
2024-01-13 18:00:00,13.39621753105765,66.72968490326579,84.97360792112892,1
2024-01-13 19:00:00,14.25946288014518,69.71334815308737,93.12252833660324,1
2024-01-13 20:00:00,14.576909674088446,68.65330457950787,98.1694558751463,1
2024-01-13 21:00:00,15.995283955044659,68.63936622405005,111.56955059251801,1
2024-01-13 22:00:00,17.02096475559108,66.78145158908167,117.27122492944275,1
2024-01-13 23:00:00,18.17772040095668,62.89235302340381,129.47546833434063,1
2024-01-14 00:00:00,20.257573810467054,59.24945838390475,141.6411439232465,1
2024-01-14 01:00:00,21.293511534110436,58.13955121779342,154.20222359084164,1
2024-01-14 02:00:00,22.901195270718784,54.208123544013596,170.96705594834498,1
2024-01-14 03:00:00,23.699012305705406,52.926843210969494,116.02852450456189,0
2024-01-14 04:00:00,24.8027707490503,52.81895043759678,124.30886659786012,0
2024-01-14 05:00:00,25.101585428414307,49.50408471812517,129.25783328758865,0
2024-01-14 06:00:00,25.98583357383794,51.20851795886375,120.67295088561563,0
2024-01-14 07:00:00,24.919233508488475,51.35684379014775,123.25083031491894,0
2024-01-14 08:00:00,25.109092559673694,49.90755823645939,116.81896058296661,0
2024-01-14 09:00:00,23.771380264117237,54.389773380460596,113.56006488719832,0
2024-01-14 10:00:00,23.078498837386977,56.04784951805717,108.10975246923324,0
2024-01-14 11:00:00,21.468261866107635,57.56469838003377,99.92042044793021,0
2024-01-14 12:00:00,20.348258463058766,58.85651481295845,92.50550079012937,0
2024-01-14 13:00:00,18.364395605840407,61.299381423161726,87.80365526816657,0
2024-01-14 14:00:00,16.001183897738724,64.19350613464543,77.69643450117692,0
2024-01-14 15:00:00,15.365578043721415,67.88495950680344,78.0103868222647,0
2024-01-14 16:00:00,13.975044700255488,67.22681628674222,68.31842553010546,0
2024-01-14 17:00:00,13.64213310531909,70.31552663582046,76.86274167059197,0
2024-01-14 18:00:00,14.254491373310689,68.13736670668241,66.42063730754364,0
2024-01-14 19:00:00,14.114458566624663,69.35315538623242,69.37916206544992,0
2024-01-14 20:00:00,14.184275405861884,68.82472566970539,68.64279167130707,0
2024-01-14 21:00:00,15.016872366304552,70.73876302945385,82.7854270777534,0
2024-01-14 22:00:00,16.683112837150546,62.93402651671938,87.6112011065447,0
2024-01-14 23:00:00,17.635461669632356,64.79621230076053,92.75226431636912,0
2024-01-15 00:00:00,19.411543889041347,60.22476362098096,95.95959235366121,0
2024-01-15 01:00:00,21.36271805923557,58.02856742599882,108.77048392901246,0
2024-01-15 02:00:00,23.152124814442676,55.177521870082316,112.38300779781247,0
2024-01-15 03:00:00,24.181145276009037,53.59602241542742,126.71991398704944,0
2024-01-15 04:00:00,23.9796366192674,51.10921830561258,129.89876897085446,0
2024-01-15 05:00:00,25.622301649346483,52.521817009295546,131.12320797576427,0
2024-01-15 06:00:00,25.73881342929303,49.31529328366292,124.91608234982118,0
2024-01-15 07:00:00,25.676111071883486,52.03909359537819,128.61571730372015,0
2024-01-15 08:00:00,25.56263629536713,50.37319528183605,130.9915972524419,0
2024-01-15 09:00:00,23.142345376397376,52.83855441853262,128.1546451303175,0
2024-01-15 10:00:00,22.493558629923573,53.39205617156464,121.98091967814041,0
2024-01-15 11:00:00,21.524276799732434,58.094345129496126,106.9874525895485,0
2024-01-15 12:00:00,19.107362240218507,62.167688935389656,105.24349431161471,0
2024-01-15 13:00:00,18.782465348606316,62.472156181293876,99.95466057910394,0
2024-01-15 14:00:00,16.89734264508032,64.70467145194404,85.02499330325355,0
2024-01-15 15:00:00,15.850992907218089,65.39914236726356,84.08340378343729,0
2024-01-15 16:00:00,14.335470112684675,68.31631505751588,80.47396566202853,0
2024-01-15 17:00:00,14.294950518252074,67.2700668733084,76.05813331252276,0
2024-01-15 18:00:00,14.197388622395614,68.63068301992176,70.67841245238374,0
2024-01-15 19:00:00,14.072596250320442,69.99943733205441,76.56800499388788,0
2024-01-15 20:00:00,14.677607934372839,70.63877383445649,79.83904897341094,0
2024-01-15 21:00:00,15.650496608593372,71.28488410370979,85.41364716262561,0
2024-01-15 22:00:00,16.44466189410425,64.12012237239365,90.64010444202307,0
2024-01-15 23:00:00,18.183074257288705,64.74114068599341,98.48610941865435,0
2024-01-16 00:00:00,19.73899098701908,60.36562872060244,107.69919597763946,0
2024-01-16 01:00:00,21.511271816356427,57.18493807885539,117.13791296565097,0
2024-01-16 02:00:00,23.209929698764075,55.6488916775893,122.34910745458974,0
2024-01-16 03:00:00,23.634226254327924,53.02180691365446,128.45149864277528,0
2024-01-16 04:00:00,24.966148810578787,51.505339550573964,134.91807826614084,0
2024-01-16 05:00:00,26.213137176798007,49.72824199286931,132.0561809460326,0
2024-01-16 06:00:00,25.532564708474972,47.90283551030173,140.44079406070355,0
2024-01-16 07:00:00,25.30165495081827,48.025303933326214,138.1417080560029,0
2024-01-16 08:00:00,25.11707489943915,52.31961328707739,135.40858017976808,0
2024-01-16 09:00:00,24.42539476331343,52.51388205300593,133.5342396614636,0
2024-01-16 10:00:00,22.854570422224317,54.105866650515665,118.69728146771692,0
2024-01-16 11:00:00,21.939498506789928,57.424567989059504,111.50232800638946,0
2024-01-16 12:00:00,20.20271759302665,61.19239837937337,110.57069065778902,0
2024-01-16 13:00:00,18.64881375614089,62.858736365564816,102.03974281387168,0
2024-01-16 14:00:00,17.09164660052959,64.01591759503863,95.39883909182683,0
2024-01-16 15:00:00,16.563420553019192,68.91050724533883,87.33753743781887,0
2024-01-16 16:00:00,14.601782901746954,71.02903229231683,85.98433688099847,0
2024-01-16 17:00:00,13.288036125438994,70.40109324587495,83.81314878818534,0
2024-01-16 18:00:00,14.531701744606856,71.46049526701614,81.45194688185458,0
2024-01-16 19:00:00,13.916365269882855,71.5221982581114,80.23274688399815,0
2024-01-16 20:00:00,14.746999755030595,70.35540301245113,77.66820769543548,0
2024-01-16 21:00:00,16.18617958682486,67.99221657753452,91.03162728744705,0
2024-01-16 22:00:00,16.269096183576394,65.89752057061239,98.55349426090388,0
2024-01-16 23:00:00,17.861426843742347,63.36768131104508,103.99476861520884,0
2024-01-17 00:00:00,19.27948882515243,58.353993488179476,107.1103518397156,0
2024-01-17 01:00:00,21.160259754604983,58.462894284264124,119.44521279696971,0
2024-01-17 02:00:00,23.105854642406793,52.96627904331017,127.13731718174573,0
2024-01-17 03:00:00,24.387315824244425,51.73703300544688,135.32848548207753,0
2024-01-17 04:00:00,25.24666209443802,53.29509356386781,132.66116982729113,0
2024-01-17 05:00:00,25.175448604177458,51.601071981150625,137.46403359373937,0
2024-01-17 06:00:00,25.02595862534694,52.23109743452879,141.25150483245454,0
2024-01-17 07:00:00,25.77229639189056,49.93323016157837,137.99115893803264,0
2024-01-17 08:00:00,24.967442009251318,49.61137270024043,131.28903334522383,0
2024-01-17 09:00:00,24.39139499580592,52.56827639252902,130.92429428295932,0
2024-01-17 10:00:00,23.2507814504886,55.1530469458607,124.99837264460592,0
2024-01-17 11:00:00,21.58321084343865,57.53029262348472,116.07443783973557,0
2024-01-17 12:00:00,20.284053234150345,61.700520718135046,108.47706960622013,0
2024-01-17 13:00:00,18.523770279030938,62.04628481351998,99.03902817332191,0
2024-01-17 14:00:00,17.202025882240573,65.52805170770442,96.76535552544638,0
2024-01-17 15:00:00,15.470490007732774,65.58812708771354,83.1557878251311,0
2024-01-17 16:00:00,28.416961282029476,69.33572995491014,131.64770087449915,1
2024-01-17 17:00:00,3.5734540719198495,69.6639210881691,20.93158866200023,1
2024-01-17 18:00:00,0.9479590865307195,68.87527999257323,28.739456073464282,1
2024-01-17 19:00:00,14.061948573375744,69.30551421962844,72.46830755677927,0
2024-01-17 20:00:00,15.032314479586203,68.38399041807156,75.72154821780671,0
2024-01-17 21:00:00,15.676023796114528,66.66583511785988,77.99393180635262,0
2024-01-17 22:00:00,16.98298313306875,67.65701186340152,90.09808567575982,0
2024-01-17 23:00:00,18.813893346194554,62.440521447563306,93.55319747803563,0
2024-01-18 00:00:00,19.24277585157827,59.63415583473411,103.1851870611215,0
2024-01-18 01:00:00,21.079325339385203,54.265633112559605,113.74762616594808,0
2024-01-18 02:00:00,22.45712584102283,53.65868897203085,116.7287820813152,0
2024-01-18 03:00:00,23.364194239179962,52.53432205145,125.20984012337819,0
2024-01-18 04:00:00,24.984846646644545,50.31096694789068,128.03030013438698,0
2024-01-18 05:00:00,26.160328517625512,52.41330312717601,133.5823081849866,0
2024-01-18 06:00:00,25.95604637344697,49.75259333690567,133.6505935416072,0
2024-01-18 07:00:00,25.949670990511166,52.273408111086674,128.76108977177745,0
2024-01-18 08:00:00,25.71183942139095,51.43230291323117,126.96522951509354,0
2024-01-18 09:00:00,24.858715140026383,52.98477394276686,125.46407838979113,0
2024-01-18 10:00:00,23.062344826109527,54.866805328431276,116.92743154662645,0
2024-01-18 11:00:00,22.189348626442893,57.41750392640696,103.94759712258555,0
2024-01-18 12:00:00,20.136850663373608,62.57819250457485,101.96685418351396,0
2024-01-18 13:00:00,18.217126439853967,59.10877436089825,88.60768483685281,0
2024-01-18 14:00:00,16.87223985912053,61.99768138334194,88.4902382740189,0
2024-01-18 15:00:00,15.280144707854753,66.25631156528124,80.73944832289382,0
2024-01-18 16:00:00,14.568594035799912,68.68204586075073,73.39847165246033,0
2024-01-18 17:00:00,14.18623836703583,70.69441490003668,69.63480767000746,0
2024-01-18 18:00:00,14.45143400775144,70.70963079704121,67.14769389235461,0
2024-01-18 19:00:00,15.027752974732,69.0828893935698,70.4696066145029,0
2024-01-18 20:00:00,14.390974971142521,70.18881957770708,69.95935163397145,0
2024-01-18 21:00:00,16.059490300184677,68.61636091659459,76.19071555677155,0
2024-01-18 22:00:00,16.733782424336944,65.27608674690741,83.96239285589421,0
2024-01-18 23:00:00,18.79196456477016,64.03217680975546,86.55108877315024,0
2024-01-19 00:00:00,20.107565339724886,60.40896789514824,93.81258438885222,0
2024-01-19 01:00:00,20.985551940276135,56.56958500880042,99.50878862817176,0
2024-01-19 02:00:00,23.54131879662731,56.04672525850014,106.80658176162109,0
2024-01-19 03:00:00,24.175640401995764,53.09485187200259,110.40769673611841,0
2024-01-19 04:00:00,25.16259232735717,51.3417557322874,122.53704789994335,0
2024-01-19 05:00:00,25.552653993218527,52.55017209539369,128.46631655918532,0
2024-01-19 06:00:00,25.928286689324977,46.32369180718987,128.04108881182358,0
2024-01-19 07:00:00,26.16171113401238,48.21421548186996,117.57664721001129,0
2024-01-19 08:00:00,25.32045468633205,49.55914032259409,121.35359875049245,0
2024-01-19 09:00:00,24.579105488032333,52.38404121678123,118.40845467350188,0
2024-01-19 10:00:00,23.354768741571558,54.61808774535092,106.29905133948584,0
2024-01-19 11:00:00,22.296178932826447,55.15082107731513,100.48919641357152,0
2024-01-19 12:00:00,20.082885539654253,58.522262951533754,86.15800602290571,0
2024-01-19 13:00:00,18.08134260264662,61.296927933239786,84.98965935318782,0
2024-01-19 14:00:00,17.656888966628784,68.68613613811385,73.54693306853585,0
2024-01-19 15:00:00,15.859764044041889,69.77368073348607,70.91845962585566,0
2024-01-19 16:00:00,15.489684555124347,68.04262991131736,60.67537508205596,0
2024-01-19 17:00:00,14.60279588753858,69.11388332743049,63.80964594971464,0
2024-01-19 18:00:00,14.197544987918661,68.27619400421756,64.0638493472559,0
2024-01-19 19:00:00,14.59895539988411,66.79706264305277,59.5070630674827,0
2024-01-19 20:00:00,15.844252601343877,68.4849337582316,61.29973265579344,0
2024-01-19 21:00:00,16.853151524502238,65.5742898369994,62.87989413367008,0
2024-01-19 22:00:00,17.297752454053036,64.87272420250711,74.64503133991268,0
2024-01-19 23:00:00,18.786161966711667,60.187881677460055,80.83138858118872,0
2024-01-20 00:00:00,20.710496062986483,58.85703831253473,85.59766264113725,0
2024-01-20 01:00:00,21.499649857508167,57.63475019192907,99.29796288967916,0
2024-01-20 02:00:00,23.423228149047254,55.54931439667598,103.76178059215454,0
2024-01-20 03:00:00,24.527295547937744,53.555140126247544,108.04887346072832,0
2024-01-20 04:00:00,25.621715707289678,49.35901248592002,114.34500692480015,0
2024-01-20 05:00:00,25.76720743535463,51.62277033231269,122.1986813575768,0
2024-01-20 06:00:00,25.67417300267641,48.799682455097226,121.80881083126566,0
2024-01-20 07:00:00,25.281361583337908,51.290028609020254,118.59468955629266,0
2024-01-20 08:00:00,25.06919877751079,51.323787947228325,117.86603919711591,0
2024-01-20 09:00:00,24.384170573143575,50.86435093951756,107.7933454675039,0
2024-01-20 10:00:00,23.21272336534048,54.52570344312824,105.20880203992974,0
2024-01-20 11:00:00,22.66280673558703,57.95985516207028,98.38087361220263,0
2024-01-20 12:00:00,20.78239734796297,60.919448070711816,88.84121135268585,0
2024-01-20 13:00:00,18.407249282848305,62.37670860485844,83.88254539190635,0
2024-01-20 14:00:00,17.489083380980414,67.29766833590153,73.10297157820537,0
2024-01-20 15:00:00,15.949528018340573,68.58233396834534,70.87742538464819,0
2024-01-20 16:00:00,15.050102042077336,68.27527286324474,66.36607671461871,0
2024-01-20 17:00:00,14.643575302031733,70.78444098109613,53.10512301053696,0
2024-01-20 18:00:00,14.617668446790159,72.90069022778228,64.56122843150615,0
2024-01-20 19:00:00,14.443741648711976,72.59998516406525,53.03817358022355,0
2024-01-20 20:00:00,15.609388190387078,66.8182542166107,63.51083677195391,0
2024-01-20 21:00:00,15.685584022423745,65.68126814512976,73.39559867489396,0
2024-01-20 22:00:00,17.392535624944866,67.22737818010084,75.78575208108253,0
2024-01-20 23:00:00,19.881155220023214,61.000768874768745,79.79089290184908,0
2024-01-21 00:00:00,20.489231897049994,58.01618830006267,88.90047399016912,0
2024-01-21 01:00:00,22.531200073257533,56.68251835292632,103.26557136058263,0
2024-01-21 02:00:00,23.446608071269274,55.63034006421189,101.90496769005577,0
2024-01-21 03:00:00,24.88995152525117,52.775337128217934,117.52910892661681,0
2024-01-21 04:00:00,25.593439144949556,50.36390053154722,119.01372843869713,0
2024-01-21 05:00:00,26.152391925268724,49.329423044522564,118.87771468456349,0
2024-01-21 06:00:00,26.11820704130983,48.93149440338094,122.0157567645046,0
2024-01-21 07:00:00,26.402675501317454,49.021477294120864,119.98789990963222,0
2024-01-21 08:00:00,25.295537547032346,54.76219527806967,122.94623713547264,0
2024-01-21 09:00:00,24.953874781644714,53.37519879491276,118.09016609973182,0
2024-01-21 10:00:00,23.884114801778384,56.33013858160707,104.84251659837197,0
2024-01-21 11:00:00,22.154526833509994,56.67819334679645,101.88110871478688,0
2024-01-21 12:00:00,20.345500506577817,59.72106498422077,93.07160562179205,0
2024-01-21 13:00:00,19.093671961108395,61.51785947896961,92.11703830910528,0
2024-01-21 14:00:00,17.346530777781428,61.02243749762121,77.29629240195672,0
2024-01-21 15:00:00,16.606578163066732,65.00405389659375,80.29669325890671,0
2024-01-21 16:00:00,14.551285143607348,65.94432601787375,70.9718019238071,0
2024-01-21 17:00:00,14.555202095018133,66.28458259596326,64.9482315411625,0
2024-01-21 18:00:00,13.693675201950402,68.20696153855285,65.742968108409,0
2024-01-21 19:00:00,14.101420710174688,71.64669178196316,66.75825261739337,0
2024-01-21 20:00:00,15.849392469218921,68.59359978628788,68.7049600186585,0
2024-01-21 21:00:00,16.62043330566941,69.0069134553472,77.95163238256173,0
2024-01-21 22:00:00,17.222207906686155,65.6164738653512,80.56895241206057,0
2024-01-21 23:00:00,18.36108434696848,63.76202868959801,85.32041807794637,0
2024-01-22 00:00:00,19.33418846486335,58.64865450704312,98.86097058745553,0
2024-01-22 01:00:00,21.860516067441964,58.19773598026397,102.7299147065847,0
2024-01-22 02:00:00,24.498166004898913,56.0930713511116,113.49081833166143,0
2024-01-22 03:00:00,24.951594395704742,52.06396124978399,119.6055395308194,0
2024-01-22 04:00:00,25.51232350828686,52.179056518079825,124.85753655921756,0
2024-01-22 05:00:00,26.526587041534512,51.190023374971595,136.83978016507155,0
2024-01-22 06:00:00,25.925616658802223,49.17567106830487,132.39444404107186,0
2024-01-22 07:00:00,26.231625612655392,48.65658908870276,132.30207826668342,0
2024-01-22 08:00:00,25.79594341191297,49.56355346430813,123.59911896861554,0
2024-01-22 09:00:00,24.773200426390893,53.05869050101668,122.55410465423746,0
2024-01-22 10:00:00,23.88632244867602,55.49051480318399,119.29931813348844,0
2024-01-22 11:00:00,22.265772361109484,56.22302080328803,108.68990485753368,0
2024-01-22 12:00:00,20.847330407243255,60.03987801198906,107.0630259217298,0
2024-01-22 13:00:00,18.756736816492573,63.44399600523293,93.30002517195192,0
2024-01-22 14:00:00,17.949126163364323,65.92728607199778,89.14090159240499,0
2024-01-22 15:00:00,17.00393409193036,69.39888799204913,82.34896240963049,0
2024-01-22 16:00:00,15.015787769432812,70.57572528614143,80.14540044524882,0
2024-01-22 17:00:00,14.454366779979757,68.15732111375588,75.03895685149664,0
2024-01-22 18:00:00,15.144313734528092,72.52537931430703,75.4222171373745,0
2024-01-22 19:00:00,14.742907447587557,68.86279350605713,76.83670904877516,0
2024-01-22 20:00:00,15.98537613412,70.22756325652601,78.61780199200217,0
2024-01-22 21:00:00,16.205345028123773,67.17304775094222,87.31314598176003,0
2024-01-22 22:00:00,18.212018230508242,64.38177593231462,93.04568384281033,0
2024-01-22 23:00:00,19.134680056107058,59.87664516136281,99.54930404261941,0
2024-01-23 00:00:00,20.74329152932913,59.742653234675394,106.5269398242947,0
2024-01-23 01:00:00,22.823801479283023,55.07273469601649,118.20018124230197,0
2024-01-23 02:00:00,23.505291809022317,56.45094885376418,122.55488501171733,0
2024-01-23 03:00:00,24.521191848749208,55.20412117384355,128.760353564401,0
2024-01-23 04:00:00,25.676726739495248,50.144379478210645,134.9550862410417,0
2024-01-23 05:00:00,26.64148853799166,50.793697850888236,142.90868877263065,0
2024-01-23 06:00:00,26.043696371127798,48.911912716988034,134.98862005496056,0
2024-01-23 07:00:00,26.72554331879484,49.39801464190416,140.45296802653777,0
2024-01-23 08:00:00,25.660643895659558,52.50148801795363,129.609986116261,0
2024-01-23 09:00:00,25.386765751412707,52.87112479536941,131.30385621336598,0
2024-01-23 10:00:00,22.732295878039913,57.60947206289635,129.2809765406881,0
2024-01-23 11:00:00,21.93328796057352,56.688460830920306,118.88983518936853,0
2024-01-23 12:00:00,20.02541273950637,61.49900449871171,110.26115435743768,0
2024-01-23 13:00:00,18.821593942839254,62.73431057046194,100.37974497284785,0
2024-01-23 14:00:00,17.809066360443644,66.19366701461624,94.98144986371729,0
2024-01-23 15:00:00,16.40066866270083,66.40033132587052,87.96773021712602,0
2024-01-23 16:00:00,15.422496549714152,68.58591578151703,81.63334603448452,0
2024-01-23 17:00:00,14.86577109371359,69.48600994394225,80.14560541278746,0
2024-01-23 18:00:00,14.811355296247978,68.74591432773131,80.59514348187932,0
2024-01-23 19:00:00,14.536030625488348,70.6523805647633,78.71358105362003,0
2024-01-23 20:00:00,15.82658743365302,69.63562754621188,81.57243039622473,0
2024-01-23 21:00:00,16.767425701034863,67.9613998542239,84.64318835055926,0
2024-01-23 22:00:00,9.501081108652595,67.30544848087648,137.6105366016551,1
2024-01-23 23:00:00,19.424699106485257,64.76220765287987,103.69706316515783,0
2024-01-24 00:00:00,20.87856720032339,59.437582965226426,110.4442604545274,0
2024-01-24 01:00:00,23.13194359170753,57.971388026626094,120.31934109415218,0
2024-01-24 02:00:00,23.735162331579016,54.06459896611265,124.81933096910372,0
2024-01-24 03:00:00,24.89480739978551,52.963965162306266,131.82806955077763,0
2024-01-24 04:00:00,25.67474139056366,50.44012178847735,136.20101187688778,0
2024-01-24 05:00:00,26.16764988950328,52.770847200813385,137.86877728911722,0
2024-01-24 06:00:00,26.29221128495957,50.54554722551445,137.41722319463526,0
2024-01-24 07:00:00,26.235036032442057,50.013698044952655,144.46138657109395,0
2024-01-24 08:00:00,25.967880270045807,53.130173819940175,133.28516321181706,0
2024-01-24 09:00:00,25.181358738518338,49.67300907344146,127.6828122945178,0
2024-01-24 10:00:00,23.830456823420928,51.97884610770196,124.56441721351058,0
2024-01-24 11:00:00,22.061700159643262,58.60556753180442,116.56611239662743,0
2024-01-24 12:00:00,21.180073825608126,60.090702672175816,103.60394018185002,0
2024-01-24 13:00:00,19.56785079830534,62.96385990141621,103.18318064207057,0
2024-01-24 14:00:00,17.766140677031228,63.01040584502212,92.04793499224593,0
2024-01-24 15:00:00,16.331192855014823,67.03621724558994,82.52507109062186,0
2024-01-24 16:00:00,15.863218745625256,71.66551815344646,84.38731760723749,0
2024-01-24 17:00:00,15.124634477260047,70.89555769258446,79.4221260388977,0
2024-01-24 18:00:00,14.270749096233981,70.25455981771422,72.44127204274359,0
2024-01-24 19:00:00,15.032252939871796,69.00067739773333,82.291975587836,0
2024-01-24 20:00:00,15.768661902123084,68.06839476004035,81.62883057220147,0
2024-01-24 21:00:00,16.2624813982856,63.877270978065475,84.07652898268177,0
2024-01-24 22:00:00,17.945937357135005,65.3864606313817,94.77065641686548,0
2024-01-24 23:00:00,18.740156735281676,63.85641511374813,97.3860082811435,0
2024-01-25 00:00:00,21.41447444000483,57.636571009244136,104.25458816586332,0
2024-01-25 01:00:00,22.937094264638915,56.41968421051454,109.78259124820714,0
2024-01-25 02:00:00,23.788993066278724,53.263803051650015,120.39896156158477,0
2024-01-25 03:00:00,25.283022422254877,51.48090539592144,125.94580295711984,0
2024-01-25 04:00:00,25.13218363638668,51.41996840238847,128.97235427731135,0
2024-01-25 05:00:00,26.238015893628294,47.21413850462659,129.1960061780945,0
2024-01-25 06:00:00,26.792488431939148,50.921405657535594,132.6149989020614,0
2024-01-25 07:00:00,26.28170174916367,51.471524342009836,130.6274945030148,0
2024-01-25 08:00:00,26.401911015758962,50.96309208010013,123.47076181909267,0
2024-01-25 09:00:00,25.96655929941854,49.20786942315761,117.91741114265724,0
2024-01-25 10:00:00,23.459354112228308,53.50537206099637,117.44276107229372,0
2024-01-25 11:00:00,22.152928908981025,59.261162450128865,100.33281835068371,0
2024-01-25 12:00:00,21.034179347323903,55.83300857890726,100.61623158088344,0
2024-01-25 13:00:00,20.036532188784772,62.06690533273485,90.4272675308999,0
2024-01-25 14:00:00,17.461050274984036,63.22999883229911,88.17743888477548,0
2024-01-25 15:00:00,16.811973761803575,68.27792326424259,76.1867471759093,0
2024-01-25 16:00:00,16.492367117618645,67.64758310962915,74.50726786746094,0
2024-01-25 17:00:00,14.508741382993886,70.2651892939941,67.97236761598548,0
2024-01-25 18:00:00,14.457572317261668,70.84819062875364,68.11603512089528,0
2024-01-25 19:00:00,15.010002399681232,72.41359702248575,70.64454435306281,0
2024-01-25 20:00:00,15.57561221215119,68.35584112233136,69.68401899338397,0
2024-01-25 21:00:00,17.067399827982065,67.63513436629957,78.47367059834662,0
2024-01-25 22:00:00,18.086663887928253,62.77241678130899,78.36549612501618,0
2024-01-25 23:00:00,18.732100905527982,64.3738107959659,89.12028693140189,0
2024-01-26 00:00:00,21.20616416116033,58.85923672789295,98.42908177718802,0
2024-01-26 01:00:00,22.326898715672918,56.570678302843085,105.07199754571629,0
2024-01-26 02:00:00,24.519778886776443,54.966628307726275,115.74933463020598,0
2024-01-26 03:00:00,25.00660567254451,50.584605670124766,113.60256471851106,0
2024-01-26 04:00:00,25.961506309465673,51.68290100554913,116.21011377885087,0
2024-01-26 05:00:00,27.0370076020562,51.79194114649687,120.05656760745157,0
2024-01-26 06:00:00,27.335170592934777,50.43940073524594,125.74642968105799,0
2024-01-26 07:00:00,27.009794703308884,47.95739539084124,123.94866947869893,0
2024-01-26 08:00:00,25.561913495752755,51.15403202066104,119.48580471476646,0
2024-01-26 09:00:00,25.502854463090614,54.04197554260371,110.77326447640971,0
2024-01-26 10:00:00,23.636276779330235,52.18301685105115,109.97008316168888,0
2024-01-26 11:00:00,22.702024715250538,55.79966052824805,96.51073978867001,0
2024-01-26 12:00:00,20.490506225840434,61.31481540612218,95.65853392245072,0
2024-01-26 13:00:00,19.69061458840211,62.99333360232113,92.76176611867733,0
2024-01-26 14:00:00,17.747360438277013,65.6179573731902,77.83696569655451,0
2024-01-26 15:00:00,16.31930545277656,69.86031002330036,72.06887897909424,0
2024-01-26 16:00:00,16.16937563188634,69.36308320560367,63.88040454193584,0
2024-01-26 17:00:00,15.386102850936327,70.64609027854038,56.7504313130216,0
2024-01-26 18:00:00,14.844409279442841,74.06611829082749,59.18215323188514,0
2024-01-26 19:00:00,15.879916581874006,69.33855142575497,58.57791692933189,0
2024-01-26 20:00:00,15.727586608665476,67.46342989241664,60.36948667077978,0
2024-01-26 21:00:00,16.875202382469134,67.7127624092361,74.51504308730708,0
2024-01-26 22:00:00,18.21756537907139,65.65848654408343,76.26285949621568,0
2024-01-26 23:00:00,19.314219355733425,61.7981173631059,83.71523312587563,0
2024-01-27 00:00:00,21.30845451735985,58.45140447066793,89.3236537825924,0
2024-01-27 01:00:00,22.464533331749166,60.87657618211003,97.42029337341208,0
2024-01-27 02:00:00,23.9653446711135,55.49026520558206,108.00534378446663,0
2024-01-27 03:00:00,25.922697743040644,51.83050411603138,111.17906998057848,0
2024-01-27 04:00:00,25.919918001701618,52.71364141557509,117.60080595579532,0
2024-01-27 05:00:00,25.975442825362602,50.17702400976733,118.39675484725296,0
2024-01-27 06:00:00,27.794374798004757,49.620677830523256,118.97354132780386,0
2024-01-27 07:00:00,27.97028613877724,51.18415104498101,114.7640252439826,0
2024-01-27 08:00:00,26.19404471652693,49.401922559808035,110.0754769546201,0
2024-01-27 09:00:00,24.632905470871208,53.45787299401028,110.4913956334648,0
2024-01-27 10:00:00,24.04580640952158,57.8694322115977,105.2811818137282,0
2024-01-27 11:00:00,22.613425090678923,58.111076042270646,94.08051651061669,0
2024-01-27 12:00:00,21.104030463591116,59.435681844324776,90.14729628307795,0
2024-01-27 13:00:00,19.18673051261627,61.82753253038262,82.73742807300586,0
2024-01-27 14:00:00,18.421824456990667,64.38449003998221,68.97624792396081,0
2024-01-27 15:00:00,17.16216226299517,66.69012379479376,66.6025892828815,0
2024-01-27 16:00:00,15.406085329365638,68.09354423870698,65.93229208123115,0
2024-01-27 17:00:00,15.689123734943527,71.03372542450256,63.01777884081534,0
2024-01-27 18:00:00,16.031073992778357,67.40018634518653,57.52928657177652,0
2024-01-27 19:00:00,15.488229175240413,70.95225833850888,62.65641542778106,0
2024-01-27 20:00:00,15.888917512465907,68.09072425013063,68.42620552470358,0
2024-01-27 21:00:00,16.92555802711766,67.63648949040862,72.65077344909321,0
2024-01-27 22:00:00,18.47610270678741,63.309518134698735,76.45175489579819,0
2024-01-27 23:00:00,18.989817087182022,64.58113705129931,82.785521909285,0
2024-01-28 00:00:00,21.30575628119084,61.86845244025795,90.29365172231577,0
2024-01-28 01:00:00,22.64172869082997,58.851195337599954,101.5883134703499,0
2024-01-28 02:00:00,24.98913000518229,52.727867836309905,108.25479320112973,0
2024-01-28 03:00:00,25.42797159359723,54.17261379473372,116.0303476420372,0
2024-01-28 04:00:00,27.123307467154415,51.94702859360922,119.57465617518729,0
2024-01-28 05:00:00,26.61905867862161,47.93283486641046,124.91119252693318,0
2024-01-28 06:00:00,27.504903666721116,49.96355392434378,124.04887958028577,0
2024-01-28 07:00:00,27.198315063250913,50.88754347065918,125.39363908133214,0
2024-01-28 08:00:00,26.12853352356081,52.173858872890186,122.96002984399729,0
2024-01-28 09:00:00,25.59859913297403,53.19482423855786,113.47930277976847,0
2024-01-28 10:00:00,24.77500753473271,55.43684712527096,104.5755678593881,0
2024-01-28 11:00:00,22.71839758890051,59.62222663735439,107.72236363838879,0
2024-01-28 12:00:00,20.62321494033224,61.839050864865776,96.4311388009619,0
2024-01-28 13:00:00,19.745060598793824,58.287608020351215,83.09305071723824,0
2024-01-28 14:00:00,17.949030762083034,64.52384216774342,79.20513126468009,0
2024-01-28 15:00:00,16.93542293741528,66.82409127054935,77.79962882196196,0
2024-01-28 16:00:00,16.09121246941929,66.03210617875398,70.23265564895898,0
2024-01-28 17:00:00,14.8471841558594,69.80053285023912,66.89785050234545,0
2024-01-28 18:00:00,14.683736664271729,71.87313665861576,71.97743624137574,0
2024-01-28 19:00:00,15.73227177647577,68.02940647350486,66.02124770054719,0
2024-01-28 20:00:00,15.934760098825542,69.16485544587911,70.13435515144083,0
2024-01-28 21:00:00,16.07646157615247,65.69733259592084,78.30131122851522,0
2024-01-28 22:00:00,8.62984246920357,63.9921319644807,151.64243956909684,1
2024-01-28 23:00:00,6.2119253519993,64.80428090228041,23.409967131459013,1
2024-01-29 00:00:00,21.074450070385364,59.186163269832335,102.73371413370663,0
2024-01-29 01:00:00,22.391182186191838,58.10512828249071,108.73421915788346,0
2024-01-29 02:00:00,24.704323158525643,52.193172825908675,117.21545275267898,0
2024-01-29 03:00:00,25.757380936143537,55.72240853022671,121.55522041868467,0
2024-01-29 04:00:00,27.529193335780256,52.243724631615365,127.65927968500505,0
2024-01-29 05:00:00,27.348630397224355,50.06699197313397,131.15949340046194,0
2024-01-29 06:00:00,27.545081256504808,50.863319764999844,132.87050374702022,0
2024-01-29 07:00:00,27.12378378569099,48.2260125936876,133.88358466244557,0
2024-01-29 08:00:00,26.92286276958693,53.113542074784625,130.59375090347663,0
2024-01-29 09:00:00,25.89767476761861,52.44295502488977,124.64864506384893,0
2024-01-29 10:00:00,24.91069000342626,54.69389572742705,116.22603228884171,0
2024-01-29 11:00:00,22.7593851031602,56.67432612652659,111.96650537046108,0
2024-01-29 12:00:00,21.245837010822523,59.12902289588145,104.25478403648887,0
2024-01-29 13:00:00,19.680444461020137,63.630196368467736,97.48765966909485,0
2024-01-29 14:00:00,18.7463206884716,65.38386027515634,96.61957592142123,0
2024-01-29 15:00:00,17.791709088999372,68.0486900239701,82.53579899393306,0
2024-01-29 16:00:00,16.060311380033685,68.64706200361597,80.91930552447928,0
2024-01-29 17:00:00,15.479535551148404,70.42905797950637,80.16581326879609,0
2024-01-29 18:00:00,15.575630889547918,69.37172688411245,76.5289037608855,0
2024-01-29 19:00:00,15.561140442260408,73.00385602500504,84.55863468162553,0
2024-01-29 20:00:00,16.644669038549306,66.30835841319866,79.68684738898149,0
2024-01-29 21:00:00,16.321648396632987,68.96247379721014,86.83013204322862,0
2024-01-29 22:00:00,18.1393179812333,67.05186117608136,89.93410148361961,0
2024-01-29 23:00:00,19.609119195800247,61.3099522420769,98.76057167294879,0
2024-01-30 00:00:00,20.551857595045373,63.343910415834245,108.56511655586941,0
2024-01-30 01:00:00,22.652458892867653,58.905044973392684,118.34946133766574,0
2024-01-30 02:00:00,24.123937553661573,56.45670851023446,124.21967224523037,0
2024-01-30 03:00:00,25.657198825311742,52.97096546867336,133.4577899758834,0
2024-01-30 04:00:00,27.14133877937067,51.01390672482771,134.35612021959918,0
2024-01-30 05:00:00,27.20253069725815,50.02662849654987,136.82242313420122,0
2024-01-30 06:00:00,27.09767451189154,50.585795894479276,147.12164400086235,0
2024-01-30 07:00:00,27.287773141249037,52.4425211496601,139.32611029569807,0
2024-01-30 08:00:00,27.13582187128322,51.61171728894766,133.1310549620398,0
2024-01-30 09:00:00,25.377257160673356,51.56176675342853,128.56924545193607,0
2024-01-30 10:00:00,24.16577004643142,56.23664059357748,121.72768831426737,0
2024-01-30 11:00:00,23.311333854324925,58.79353566856679,120.23353768353722,0
2024-01-30 12:00:00,21.45138555370757,60.981989292671855,108.656147243138,0
2024-01-30 13:00:00,20.25107960566868,63.70643881081266,102.44318080622679,0
2024-01-30 14:00:00,18.544541283281994,64.59360780476311,94.69778223893705,0
2024-01-30 15:00:00,17.5930247721166,65.67758406116951,90.91839588715908,0
2024-01-30 16:00:00,15.949816331677125,67.3579638918832,81.45104357962666,0
2024-01-30 17:00:00,15.764611181950277,67.2060633902039,77.78851540078286,0
2024-01-30 18:00:00,15.485723994254737,70.35542291731892,80.67289192154479,0
2024-01-30 19:00:00,15.293088672623968,69.53408508805074,82.81811011331179,0
2024-01-30 20:00:00,15.758456398145897,68.00027248104982,84.98887279757157,0
2024-01-30 21:00:00,17.6166589269905,62.637639575348,86.29555747604361,0
2024-01-30 22:00:00,18.449619047112755,63.129023795458835,96.9207627885252,0
2024-01-30 23:00:00,19.633173616725934,64.26945142812998,99.82951059797031,0
