time,cpu_util,memory_util,network_kbps
2025-03-01 00:00:00,40.06838553450637,65.12378431203356,98.372355959044
2025-03-01 00:30:00,45.33001892502095,63.964554911700105,105.48636656956946
2025-03-01 01:00:00,47.62582305922228,64.47360008895365,94.50877761557668
2025-03-01 01:30:00,46.63305449372646,65.14634710012987,102.53375919343804
2025-03-01 02:00:00,49.404060977787104,64.89962510893614,105.45716156235302
2025-03-01 02:30:00,51.120460194107565,63.81142792360079,106.22038490189398
2025-03-01 03:00:00,55.28158833887487,63.93227164328625,98.19122380775865
2025-03-01 03:30:00,55.75493792773347,63.10038949044743,97.01029511086098
2025-03-01 04:00:00,58.81427930820186,60.61980426151463,113.35455702160029
2025-03-01 04:30:00,54.782941052277515,58.6389421365641,103.0346804923979
2025-03-01 05:00:00,62.4516140751804,63.60526679309566,97.90011560453404
2025-03-01 05:30:00,59.63603290716496,61.48354757170877,100.48097685163262
2025-03-01 06:00:00,61.36075690654829,59.94323632032941,107.28499633429021
2025-03-01 06:30:00,59.55576455952255,57.60933078277626,113.6549555081873
2025-03-01 07:00:00,58.56031939163166,57.43042784775886,108.27557761076012
2025-03-01 07:30:00,59.40381096742091,59.442493313735206,114.8236768529223
2025-03-01 08:00:00,58.969535130749,54.71182260326538,110.48197613579089
2025-03-01 08:30:00,55.462007064437806,56.631861679773635,112.23549840816463
2025-03-01 09:00:00,53.83656326659056,57.333030464861125,115.32189826049589
2025-03-01 09:30:00,53.546625801792935,56.1764644381119,109.03975569683048
2025-03-01 10:00:00,48.25931871610566,56.42466577709045,112.91733873265105
2025-03-01 10:30:00,44.62490163983901,55.24935300507832,110.01027871773505
2025-03-01 11:00:00,45.966344627549475,57.56382245297472,109.27360254352574
2025-03-01 11:30:00,41.269392197025276,54.01477970742753,116.2457613866138
2025-03-01 12:00:00,36.15931881976394,53.637772973973085,109.35910254844796
2025-03-01 12:30:00,35.761368827708246,55.317308038869406,114.36155640276799
2025-03-01 13:00:00,33.888423980164085,56.599951512623655,110.49709249343245
2025-03-01 13:30:00,29.959926397833684,55.32471045539383,114.49291927878912
2025-03-01 14:00:00,27.01507223187394,56.71887787477375,112.78213586706075
2025-03-01 14:30:00,27.898047073715198,55.50239602126167,121.36511751847837
2025-03-01 15:00:00,27.65236288972455,55.279191637268596,116.759284816212
2025-03-01 15:30:00,23.666669038254387,58.35611344391962,117.21023214724592
2025-03-01 16:00:00,21.192299865293542,59.068713031786324,125.52117510329431
2025-03-01 16:30:00,22.29239696727008,59.61971177716117,103.24961975488581
2025-03-01 17:00:00,22.1159550886074,58.26765222510513,112.57719397572217
2025-03-01 17:30:00,19.571081575546838,58.192161789247,104.88459365789906
2025-03-01 18:00:00,21.089335615841787,58.830627067022384,118.9763487363397
2025-03-01 18:30:00,22.256853725689695,60.42799576626043,121.62551505987359
2025-03-01 19:00:00,20.26757060180198,61.876533016583146,123.06915074317321
2025-03-01 19:30:00,19.895378265811118,62.422588886926235,121.6031360024608
2025-03-01 20:00:00,23.374793121342247,61.06559428751864,116.30517342450196
2025-03-01 20:30:00,24.62802467610098,63.23897996617497,129.8277576819081
2025-03-01 21:00:00,28.055489913097862,63.553264147506496,122.97869123295561
2025-03-01 21:30:00,25.25560986221489,64.0568944442113,120.53270070862305
2025-03-01 22:00:00,28.6767741392889,64.30642976134403,116.6071646534292
2025-03-01 22:30:00,30.669997431266857,64.41747742196412,124.68407237060977
2025-03-01 23:00:00,31.355589405483865,65.42290426659979,120.48670489766722
2025-03-01 23:30:00,37.64234526599296,65.08408386787035,121.0468441255886
2025-03-02 00:00:00,41.05560842499104,65.22541081625333,124.67695097927606
2025-03-02 00:30:00,41.13294378144941,64.26646848895274,125.0697854812105
2025-03-02 01:00:00,47.947675051042744,65.22540691221799,120.20612030124056
2025-03-02 01:30:00,49.29751732062265,64.49824563847694,130.89992051341423
2025-03-02 02:00:00,51.25475295767107,62.21496581220284,119.93649687996734
2025-03-02 02:30:00,52.97864276305635,64.45037678257651,119.66832757450068
2025-03-02 03:00:00,56.05347475262822,63.2712323398296,127.08913547394788
2025-03-02 03:30:00,53.2031071267385,63.97008904362642,126.47482072467247
2025-03-02 04:00:00,58.548367392188496,62.33790123396356,126.46693756031395
2025-03-02 04:30:00,59.68314431729262,61.81767463882834,124.32979787505658
2025-03-02 05:00:00,55.78307937149541,61.505785163419944,126.86142973416102
2025-03-02 05:30:00,60.52295743158496,60.64077455348965,124.08716969803119
2025-03-02 06:00:00,59.49915730658007,59.55307018698358,118.90332373956424
2025-03-02 06:30:00,61.39194261959961,57.554168512215924,131.0586894967669
2025-03-02 07:00:00,58.440392150506035,60.54859305274628,122.5417728173503
2025-03-02 07:30:00,58.441108934927534,56.507796640198414,126.6802310524064
2025-03-02 08:00:00,58.00621111032409,57.15847805997546,131.68728423380395
2025-03-02 08:30:00,54.11454342833629,57.609331155241534,128.3500562639248
2025-03-02 09:00:00,55.33932892009171,56.844483106471515,142.12857162850193
2025-03-02 09:30:00,51.96530220312708,56.60050176939829,121.59772608097856
2025-03-02 10:00:00,50.98496524735849,56.43906276277071,125.02116070450603
2025-03-02 10:30:00,46.60999363462824,56.643975039088865,129.36143465391234
2025-03-02 11:00:00,47.348783988605454,55.46765423031597,135.84997757521086
2025-03-02 11:30:00,43.82092780125996,57.94941831569659,127.96127235983072
2025-03-02 12:00:00,39.643949950561336,53.98658820391039,122.17334513095292
2025-03-02 12:30:00,38.65339046978622,55.27015459713923,135.1647718080353
2025-03-02 13:00:00,37.34312942066685,54.809517946198675,124.94596635137688
2025-03-02 13:30:00,35.92868237969418,54.835465029918915,128.658942820423
2025-03-02 14:00:00,26.852847259119574,55.957138150854576,134.14375312220778
2025-03-02 14:30:00,29.59103504307063,57.491473969914516,126.46421913542493
2025-03-02 15:00:00,26.788001393295833,55.75425750501845,127.61736270817701
2025-03-02 15:30:00,23.945211633802614,56.24523713688381,132.3693899993859
2025-03-02 16:00:00,20.666162054357084,58.22448883896642,128.95622710627796
2025-03-02 16:30:00,24.03678657672056,58.63057693101611,131.44140080859836
2025-03-02 17:00:00,18.158007487329503,60.66366168073984,125.29930389653951
2025-03-02 17:30:00,21.304993703993286,60.375249005743655,129.4493318777655
2025-03-02 18:00:00,22.60373599240538,60.22959129154398,124.58745262077225
2025-03-02 18:30:00,16.971764196420832,60.32325792532163,122.2501870439483
2025-03-02 19:00:00,20.076447793252107,61.50935802716875,138.79774310614036
2025-03-02 19:30:00,18.90397571474165,61.738200137668564,132.26162620457242
2025-03-02 20:00:00,23.16760014038302,61.13490901493078,134.53383221513704
2025-03-02 20:30:00,27.161683455524603,63.052041910761886,125.06193860246886
2025-03-02 21:00:00,29.904976434613452,63.360411721369,129.69815071563318
2025-03-02 21:30:00,24.268542534058547,63.734225912806664,128.7443588613225
2025-03-02 22:00:00,28.850101988557853,63.900818249850005,122.58766936780545
2025-03-02 22:30:00,33.75342153936001,66.30946708297488,132.33379294367433
2025-03-02 23:00:00,37.98236440213603,65.52589531413491,125.8919102194794
2025-03-02 23:30:00,38.23189744415557,65.89408705381261,128.37746708209167
2025-03-03 00:00:00,38.50769600481858,64.39232877112583,121.68538279347212
2025-03-03 00:30:00,43.20478686367588,63.93460278908483,134.1050509215366
2025-03-03 01:00:00,45.14314250008873,64.54674547965148,132.7957408077603
2025-03-03 01:30:00,47.246187202525455,64.86346944392614,130.8111047634996
2025-03-03 02:00:00,48.531057802905174,63.98479808928943,124.14209274560255
2025-03-03 02:30:00,52.94974809206042,63.778538745332554,125.82351711922004
2025-03-03 03:00:00,54.75789487646255,64.49695343558582,134.44689558090812
2025-03-03 03:30:00,55.68109855067199,63.343031261279584,126.76340758653211
2025-03-03 04:00:00,56.87713219628744,61.51598506776095,129.28150762634039
2025-03-03 04:30:00,55.9077575091464,61.48541787888763,128.44066480001266
2025-03-03 05:00:00,58.34616519149849,60.63655524486915,121.92437438616548
2025-03-03 05:30:00,62.24179657016949,60.83356934994393,134.90931755291544
2025-03-03 06:00:00,59.61888348626795,58.83274823666891,117.13001481562077
2025-03-03 06:30:00,56.94950259379996,59.16862167950201,127.92103529143688
2025-03-03 07:00:00,61.987402139683994,59.3985465302302,126.1057459426125
2025-03-03 07:30:00,59.53812146719157,58.115306800899866,118.18761042124828
2025-03-03 08:00:00,61.53668213293939,56.58612353138461,127.66112829904047
2025-03-03 08:30:00,55.992091144608146,56.339778798649014,128.3167493128335
2025-03-03 09:00:00,53.21936646562759,56.58881708959072,125.68032590258021
2025-03-03 09:30:00,49.279939182623295,56.51631484591747,120.98034563285098
2025-03-03 10:00:00,52.64767674012776,56.50694331916312,127.05739365489964
2025-03-03 10:30:00,52.79269167328284,55.23539091116214,130.0608175820476
2025-03-03 11:00:00,43.534511027602676,53.85312106870897,125.26424897081033
2025-03-03 11:30:00,41.31634856395266,56.467768308200306,132.4409039756922
2025-03-03 12:00:00,41.19237759734473,55.29788630501019,127.77179801367818
2025-03-03 12:30:00,35.72878528477219,55.448847572893115,126.97036985243068
2025-03-03 13:00:00,34.28250236396522,55.47588749663155,129.7134173366712
2025-03-03 13:30:00,31.646655953814104,54.34311200898869,119.0854726692273
2025-03-03 14:00:00,30.383917774584134,55.35056844811243,119.40898066315792
2025-03-03 14:30:00,30.014408306626954,56.29049184232377,124.20816615706367
2025-03-03 15:00:00,25.901999555696886,57.497094191363274,123.83471494854473
2025-03-03 15:30:00,25.970753385735563,57.01637470436951,128.38459496679604
2025-03-03 16:00:00,21.83971413231026,54.38005153827012,126.15978299720676
2025-03-03 16:30:00,22.17800642122108,57.845231567125644,120.89710203214135
2025-03-03 17:00:00,16.40503229519226,59.05855886834326,120.69488974242441
2025-03-03 17:30:00,17.27120663896101,60.6412581676796,117.80094257219645
2025-03-03 18:00:00,21.591826825363547,60.711316250719186,116.92380353179169
2025-03-03 18:30:00,18.990803974441896,63.142839726943016,116.05285122295497
2025-03-03 19:00:00,21.841313321163945,62.718437516384604,122.38867000518918
2025-03-03 19:30:00,22.607097859403552,63.26108096943927,115.06505182386461
2025-03-03 20:00:00,25.32404964078486,63.44278734719965,115.1899984447195
2025-03-03 20:30:00,25.756651313527716,61.66137185649246,117.29971431582992
2025-03-03 21:00:00,27.89184707660225,64.38258439841576,113.47473505167905
2025-03-03 21:30:00,27.601428758497153,64.56625081845263,114.42351282417795
2025-03-03 22:00:00,28.603429646874243,63.804106473271716,104.17862877023292
2025-03-03 22:30:00,30.883213797246825,65.20604363463832,116.48239490816931
2025-03-03 23:00:00,33.84753121737214,65.24769527789316,112.60283766336343
2025-03-03 23:30:00,35.12981792757273,64.49220471749703,114.60240617998421
2025-03-04 00:00:00,38.90511283575927,64.87660871524082,114.99500520052591
2025-03-04 00:30:00,42.42538574138408,64.6939294871862,103.38415661666374
2025-03-04 01:00:00,45.67960481626199,65.06010822342454,124.18452547317904
2025-03-04 01:30:00,46.97588706716225,64.19482227589992,112.48834690494078
2025-03-04 02:00:00,46.152634267293415,64.87504019144441,112.10912786059963
2025-03-04 02:30:00,52.03066267116856,62.04917884416668,101.8133814454271
2025-03-04 03:00:00,54.59282719778539,63.25360568228034,113.3687764469966
2025-03-04 03:30:00,58.03601799511236,61.35911971026108,111.83412449312328
2025-03-04 04:00:00,58.476235866920405,62.017100594484745,107.48484288927065
2025-03-04 04:30:00,57.1904692779347,62.43035372003773,110.03051893084606
2025-03-04 05:00:00,57.870963405531924,61.3157072877199,114.70997305247472
2025-03-04 05:30:00,63.850092272227656,60.54199573703524,106.1219129033597
2025-03-04 06:00:00,61.51327590803447,60.068792370451455,102.7690637049807
2025-03-04 06:30:00,63.491776872951895,60.91686995607041,113.43014117032521
2025-03-04 07:00:00,63.57740558822068,57.59965280804834,107.57910943299856
2025-03-04 07:30:00,56.84142331701495,58.97431600206733,104.83519034757214
2025-03-04 08:00:00,58.091046680243686,55.98740320236422,116.68889358926063
2025-03-04 08:30:00,56.78340081549883,56.48875190189077,105.43811004728099
2025-03-04 09:00:00,55.261360071854746,56.62806356043406,103.22313528734935
2025-03-04 09:30:00,53.259033030738564,55.181553018917995,104.86714044707797
2025-03-04 10:00:00,50.40410927382323,55.875010355936666,100.97004768785311
2025-03-04 10:30:00,48.00192713580138,56.10929475046669,103.48654200246372
2025-03-04 11:00:00,42.171381019861506,53.97662828320365,102.59788283098857
2025-03-04 11:30:00,42.2797214780325,54.96540381910734,98.00467539007913
2025-03-04 12:00:00,38.504760597964946,54.62343375619427,99.41917571491955
2025-03-04 12:30:00,37.64165076681183,53.1023919430227,101.69753623289141
2025-03-04 13:00:00,33.888526577822425,54.98329670918592,101.49157838840256
2025-03-04 13:30:00,33.58337285502413,54.58283167330507,101.92294696499788
2025-03-04 14:00:00,31.63815141935991,57.008957857305695,102.36779310965987
2025-03-04 14:30:00,28.44215614984266,55.157670576599216,99.12151200004432
2025-03-04 15:00:00,26.490200664900872,58.16393829239983,99.89539244512716
2025-03-04 15:30:00,24.318826564075263,56.422746045840185,94.84327590316701
2025-03-04 16:00:00,21.783896138386837,59.438144041646744,94.89735271865064
2025-03-04 16:30:00,21.193406821308706,58.62597180249201,100.80877861127091
2025-03-04 17:00:00,19.690191347604348,59.15975141313311,85.17707198958935
2025-03-04 17:30:00,20.947077040815376,60.153083076143204,96.34102268715252
2025-03-04 18:00:00,20.028226823683944,60.90230767362276,109.7334064509887
2025-03-04 18:30:00,21.333685169741486,62.05592237711152,84.10704433334914
2025-03-04 19:00:00,18.024186851022428,63.026803499452825,100.30261377072637
2025-03-04 19:30:00,23.297967206584005,61.56670344581053,83.45386328722422
2025-03-04 20:00:00,21.1540994506097,61.249865159338185,93.48255750359056
2025-03-04 20:30:00,22.66436882163473,60.37205083037093,99.22761854460336
2025-03-04 21:00:00,25.46297840654555,63.14828086259384,97.98153465470985
2025-03-04 21:30:00,26.698002244355095,64.72701503308525,85.45826246983417
2025-03-04 22:00:00,30.582250390996574,64.70848927997235,82.94294351611153
2025-03-04 22:30:00,31.198001799768132,64.73458364759941,81.71200301395254
2025-03-04 23:00:00,32.68466399691175,64.47943264234003,91.94606284717739
2025-03-04 23:30:00,35.69787053884091,64.3172317994692,85.87616175867122
2025-03-05 00:00:00,42.623966650535,64.71632563340347,87.33420892112309
2025-03-05 00:30:00,42.699040501675576,65.34620032071771,88.07913660611301
2025-03-05 01:00:00,42.84132033216113,63.065021790445236,88.32598576309007
2025-03-05 01:30:00,47.67042345365659,65.34831950486435,88.4454800748245
2025-03-05 02:00:00,46.88810717058915,62.87166849940763,85.88754452791012
2025-03-05 02:30:00,55.754361696118956,63.80851627951054,76.74805098800438
2025-03-05 03:00:00,51.09317930314899,62.90101557475692,91.56885499142706
2025-03-05 03:30:00,56.82457221511584,62.67427715200719,70.07969303680876
2025-03-05 04:00:00,58.40775940431725,61.45224080042014,89.51768872293799
2025-03-05 04:30:00,55.57757514254466,60.75769596341784,79.85724755547074
2025-03-05 05:00:00,59.91906956261794,61.060721335994394,81.42392574147945
2025-03-05 05:30:00,61.82324130780772,59.56459847003574,79.34585564808552
2025-03-05 06:00:00,60.935150571523714,62.455268494044596,79.662466940471
2025-03-05 06:30:00,60.350929775642925,58.926338176690216,80.9621042065726
2025-03-05 07:00:00,61.216709888703384,58.04428534793645,79.23832279439041
2025-03-05 07:30:00,58.79939974800309,57.53113268027053,74.72267166586326
2025-03-05 08:00:00,57.99335865184288,56.42223853145211,84.04104506144402
2025-03-05 08:30:00,55.61364371285683,54.49341647466293,76.48455918193456
2025-03-05 09:00:00,55.40574707576187,56.201948352273604,85.69565443817453
2025-03-05 09:30:00,50.292460285699704,56.33691147938221,77.821374525807
2025-03-05 10:00:00,51.58352651774845,54.15913430764706,74.67015530600348
2025-03-05 10:30:00,46.64306557972476,55.379093908124254,80.00466894343876
2025-03-05 11:00:00,42.995074155928776,53.95350434939754,81.88985154809427
2025-03-05 11:30:00,43.341021755945,54.99981845648335,72.46748987054787
2025-03-05 12:00:00,43.385911103047306,55.351915730089424,75.31447724574764
2025-03-05 12:30:00,39.31283257878052,55.52080361961546,83.52216822103966
2025-03-05 13:00:00,33.792319442744315,55.597978334898706,71.05609662552973
2025-03-05 13:30:00,33.74245069669542,54.668718967990856,71.4695741083566
2025-03-05 14:00:00,76.34706415096925,56.54217301959994,202.54589876743935
2025-03-05 14:30:00,60.76363835963191,55.57723703746883,151.2306245463406
2025-03-05 15:00:00,26.036921362703207,56.80640966861824,62.461634556808036
2025-03-05 15:30:00,19.49849676037404,57.65266309248408,66.15074491193423
2025-03-05 16:00:00,23.06272145663622,57.18761330896161,76.07591170534471
2025-03-05 16:30:00,19.463190972138264,56.7937662132987,77.20209193268576
2025-03-05 17:00:00,19.28668624730815,59.310995445627746,76.62292631895362
2025-03-05 17:30:00,17.222321951082364,58.22167070381086,75.3569596711225
2025-03-05 18:00:00,16.966883563707594,59.100351347715915,66.99128577159311
2025-03-05 18:30:00,18.284573971080903,59.541369255894125,76.304553371015
2025-03-05 19:00:00,22.33267806481581,62.12798305607972,78.4490432427619
2025-03-05 19:30:00,24.85449204470141,61.741396196905164,68.98137459661606
2025-03-05 20:00:00,22.62908171727219,60.24246110195412,76.97314349411175
2025-03-05 20:30:00,26.316515061301928,63.769756831531346,70.22650380514281
2025-03-05 21:00:00,25.329903082511656,65.59742710273312,72.82394803017382
2025-03-05 21:30:00,24.000825770240045,65.75776051006078,73.53211867824488
2025-03-05 22:00:00,30.29983323204285,63.75301169908325,64.09580793039973
2025-03-05 22:30:00,33.23762787898329,64.68743631029425,78.6945276668306
2025-03-05 23:00:00,33.96638598843437,65.32901724533521,66.93838803745751
2025-03-05 23:30:00,37.99392462402477,65.84109948086314,70.57298676026952
2025-03-06 00:00:00,41.14511249521855,65.0251155926848,68.48043515040294
2025-03-06 00:30:00,40.88370870913363,63.85289018932972,73.12120143811647
2025-03-06 01:00:00,42.22271270692181,65.57438647350806,72.88174811150847
2025-03-06 01:30:00,47.21116031661779,65.2245004094346,70.72923757093304
2025-03-06 02:00:00,49.57787891945921,62.98930271915215,77.6047348821649
2025-03-06 02:30:00,51.46990215246356,63.58917061284032,71.87086508330779
2025-03-06 03:00:00,56.116629129333624,63.79395887975923,68.39418056805935
2025-03-06 03:30:00,59.318244384643585,63.03027010488546,55.934493235394726
2025-03-06 04:00:00,56.48721403972113,63.01349976510798,68.87787084067175
2025-03-06 04:30:00,59.8753640565512,62.69798385934058,68.79956757381477
2025-03-06 05:00:00,61.200378751635235,61.82466741011506,65.86981295542486
2025-03-06 05:30:00,61.25521006832298,60.5264868889257,65.90697531064008
2025-03-06 06:00:00,62.09497257425941,58.63957122607821,73.17091463151337
2025-03-06 06:30:00,59.050409287410844,59.95157391422921,75.43487538086593
2025-03-06 07:00:00,60.79812924480798,60.095486991662874,79.69978113387583
2025-03-06 07:30:00,62.52655452194472,60.05049111012721,75.96466072523388
2025-03-06 08:00:00,58.92783919444893,57.454753716883076,66.75132576954968
2025-03-06 08:30:00,54.627279467990775,56.90838398543069,71.61775218657398
2025-03-06 09:00:00,55.35756061160007,57.898746437618165,63.577174655707346
2025-03-06 09:30:00,54.69998916358548,57.459776113902805,74.11576123368967
2025-03-06 10:00:00,50.73797257277927,55.99796545229214,72.32926166707325
2025-03-06 10:30:00,46.52686725501615,56.08060496390941,67.57646504887396
2025-03-06 11:00:00,48.26254206809356,54.39602750674064,70.20187967218499
2025-03-06 11:30:00,40.11098975127522,55.61377441661576,69.58666237065
2025-03-06 12:00:00,41.00685009331181,54.16053020799805,67.77604680677759
2025-03-06 12:30:00,37.357125006664724,54.88413436050715,77.6930870748929
2025-03-06 13:00:00,32.436287647594646,55.033654424567416,86.75549897246597
2025-03-06 13:30:00,34.78523071986408,54.89808224181341,75.49954557933157
2025-03-06 14:00:00,30.695775187402727,53.544192045595075,76.83217916799056
2025-03-06 14:30:00,25.491175065627523,55.19298414445454,72.51437512614615
2025-03-06 15:00:00,27.06132108939274,56.78368858514476,70.1461080857575
2025-03-06 15:30:00,23.269732336352657,56.88125301048865,83.06242216128041
2025-03-06 16:00:00,18.873914919976965,57.092200227022175,70.45696506804491
2025-03-06 16:30:00,20.144599098974375,58.50116201952371,74.47683098273158
2025-03-06 17:00:00,21.208586369221855,59.38049128216423,72.12068902586661
2025-03-06 17:30:00,21.442508545076038,60.18074838952579,75.89985400257108
2025-03-06 18:00:00,20.331129810256545,59.1781135323601,72.93881326191317
2025-03-06 18:30:00,20.261432795059775,60.658865022803255,76.39929264337435
2025-03-06 19:00:00,21.62146348850515,60.944361473294755,67.35758671920792
2025-03-06 19:30:00,21.1004571458438,61.019196615908385,73.45218720744587
2025-03-06 20:00:00,25.03340113219581,60.987208849401306,81.0849084070298
2025-03-06 20:30:00,24.430216490602124,62.929203230035526,69.35063539680858
2025-03-06 21:00:00,26.445707481216417,62.64614885928334,71.47474338224004
2025-03-06 21:30:00,28.906369402917054,66.10368320805357,81.967678900479
2025-03-06 22:00:00,27.88566231939109,64.21489377298106,77.44804378681022
2025-03-06 22:30:00,30.92787759999868,64.3782657706107,81.08970751175379
2025-03-06 23:00:00,37.880777326029154,64.41531479149958,64.88580378321203
2025-03-06 23:30:00,38.060093536320956,66.8161282956295,77.13724296278649
2025-03-07 00:00:00,39.43476784276962,64.04147147403265,70.37547388381971
2025-03-07 00:30:00,43.29349090202393,64.77954389526786,70.14780877106419
2025-03-07 01:00:00,44.21313643192731,64.0432830255478,79.52493918966285
2025-03-07 01:30:00,48.21080122456633,64.47803561901289,83.75926308200346
2025-03-07 02:00:00,48.66825789001979,64.27762872900959,70.7271370548587
2025-03-07 02:30:00,52.72726621485271,65.04896760742348,73.05540187301652
2025-03-07 03:00:00,50.98673051909297,62.10258857974191,76.06432650963039
2025-03-07 03:30:00,58.52890639315607,63.00617432092647,78.7516735578356
2025-03-07 04:00:00,56.294592330294776,64.09968413506927,73.13102653831609
2025-03-07 04:30:00,55.315108256235376,61.38683880690834,91.51881299048223
2025-03-07 05:00:00,58.87083313660725,61.099822208025195,83.56683088511792
2025-03-07 05:30:00,59.08690483803978,59.74885333710846,79.2454880643096
2025-03-07 06:00:00,60.304796837200904,57.36489446639965,78.8827137710402
2025-03-07 06:30:00,57.53839600977997,59.22592087809401,93.56576403604527
2025-03-07 07:00:00,60.11344772536191,59.86472405308408,93.59361902668819
2025-03-07 07:30:00,65.72472602696175,57.60191479229513,80.36673825359149
2025-03-07 08:00:00,54.763172634202235,55.63655992818056,85.01626459563317
2025-03-07 08:30:00,56.54249795722327,57.2057329185479,90.05266649519919
2025-03-07 09:00:00,53.52069791643014,56.526594659858084,78.26794459435261
2025-03-07 09:30:00,52.56044516980321,57.016754302151035,81.73614883717141
2025-03-07 10:00:00,46.376381924325486,56.56346726503281,91.93461648286348
2025-03-07 10:30:00,45.351649871345174,55.093487917972396,82.1650832340195
2025-03-07 11:00:00,46.095699972455755,55.55330745002566,83.96815061881084
2025-03-07 11:30:00,42.53368780561063,53.226468090127206,79.86929011052295
2025-03-07 12:00:00,43.27047636118206,56.0968623918495,83.31096654265721
2025-03-07 12:30:00,35.97988137105625,55.211746515459865,91.07149939044996
2025-03-07 13:00:00,35.17261815226245,56.238657271965195,84.0049403044223
2025-03-07 13:30:00,38.172574257773846,56.42637037141724,82.09084571046316
2025-03-07 14:00:00,28.46887712716417,55.36552745243621,86.00461480700359
2025-03-07 14:30:00,26.017104432873637,55.86679917696977,98.57558115426485
2025-03-07 15:00:00,25.787604206478882,55.572695381350215,91.08915275712587
2025-03-07 15:30:00,24.04380783650402,54.87283846885298,87.90885508169421
2025-03-07 16:00:00,24.36782648455629,57.3510280769174,92.02578082739407
2025-03-07 16:30:00,21.78156109536945,58.22322797395818,94.01456424518003
2025-03-07 17:00:00,19.168004849721388,57.60309799172725,92.93573910648472
2025-03-07 17:30:00,20.593945876538946,60.042175466567,83.7834355777133
2025-03-07 18:00:00,25.27719350515741,60.0814698062565,94.90708981549774
2025-03-07 18:30:00,22.714650120605818,61.08924814685447,92.87492666596091
2025-03-07 19:00:00,15.117145238972178,60.5074588799043,98.73373605266539
2025-03-07 19:30:00,21.238375522585674,60.131903516277745,88.2404464043016
2025-03-07 20:00:00,20.92931088040922,63.26092035054437,100.86345603342582
2025-03-07 20:30:00,25.37745822298556,63.63781236409347,93.64920288089435
2025-03-07 21:00:00,25.511337415020762,63.40872694929925,88.1056711219271
2025-03-07 21:30:00,31.690162915815947,63.52866025613631,103.93992487645066
2025-03-07 22:00:00,31.862471127237857,64.03610792730909,95.20739626571358
2025-03-07 22:30:00,34.12713713761675,64.46545942044968,100.23734137194747
2025-03-07 23:00:00,35.19676121800276,64.30380618207917,98.09986298847687
2025-03-07 23:30:00,37.3088808489838,62.929261276613055,104.97106901005007
2025-03-08 00:00:00,40.68035985774902,65.76726818842317,105.58915969975143
2025-03-08 00:30:00,45.201083427238494,63.445467595565326,106.19841001743907
2025-03-08 01:00:00,46.245160441796,64.47982265231752,104.73937978328438
2025-03-08 01:30:00,46.95140351562642,64.29578652522746,93.56914308013388
2025-03-08 02:00:00,52.55016931693781,64.57451188066977,93.788099981173
2025-03-08 02:30:00,52.55944931828769,62.336693698178756,103.81964119865285
2025-03-08 03:00:00,53.98690549678764,64.72634299143698,98.56477774310414
2025-03-08 03:30:00,54.284313128500635,63.68365735057779,106.26758082078365
2025-03-08 04:00:00,56.18852352275644,63.25470390804634,105.30967280994699
2025-03-08 04:30:00,57.20549709077182,63.16609030917958,97.90200311301189
2025-03-08 05:00:00,53.73380220627358,60.48183432416434,100.35286818271926
2025-03-08 05:30:00,61.862589628272545,57.50402173037852,100.40965040989107
2025-03-08 06:00:00,61.13295513885562,60.320256714206394,102.19807357330703
2025-03-08 06:30:00,59.40035604431802,60.6481700264235,106.17152188604
2025-03-08 07:00:00,61.410484002599794,59.8575105253374,111.19043672255759
2025-03-08 07:30:00,59.35356620929253,57.541101518821996,115.04703307989594
2025-03-08 08:00:00,58.06364303362802,57.39927064003264,103.94023159026187
2025-03-08 08:30:00,50.91753970666737,57.23348913392351,106.52665471457121
2025-03-08 09:00:00,53.67610378450965,54.64902082840603,117.73629609367717
2025-03-08 09:30:00,53.239606831709004,55.3587834309777,114.93671841342453
2025-03-08 10:00:00,53.2193736635765,55.026627302941804,112.12935364276956
2025-03-08 10:30:00,51.33425841053686,56.95780206911836,99.62951553275214
2025-03-08 11:00:00,48.02805739349096,54.513185092498965,106.90331343227238
2025-03-08 11:30:00,40.287304807302085,56.60852637463323,113.29614906838378
2025-03-08 12:00:00,35.60465726582556,55.00906164319357,110.02619064911842
2025-03-08 12:30:00,38.530415305013,53.36228155672281,123.54815006722036
2025-03-08 13:00:00,34.87885076865095,57.384845729775726,114.46069637648215
2025-03-08 13:30:00,34.27143786140309,54.40619723019803,115.92667505149038
2025-03-08 14:00:00,29.748231272791955,56.28660699840111,109.43706085183041
2025-03-08 14:30:00,28.264281346872558,57.738820285558255,110.19866155548372
2025-03-08 15:00:00,22.857886350155788,55.929319208392535,112.58050686552728
2025-03-08 15:30:00,25.02895250449321,55.72561739264695,113.25635286613438
2025-03-08 16:00:00,21.78969501856292,58.54092071995309,115.70191617359667
2025-03-08 16:30:00,22.222380065182783,58.15200016022429,119.23041351347004
2025-03-08 17:00:00,21.600295461302927,57.478572027938455,118.9957860327066
2025-03-08 17:30:00,19.936658482762002,58.266167387585085,123.30337157335536
2025-03-08 18:00:00,20.633602244227866,59.61033863692757,111.85757989111002
2025-03-08 18:30:00,20.143888711457187,61.616650652001546,120.18530533733575
2025-03-08 19:00:00,22.199882476475675,61.007037194110154,120.76108503940391
2025-03-08 19:30:00,22.52589524666616,62.56793722730155,127.99170525529208
2025-03-08 20:00:00,21.585059186236805,64.15271387532383,119.28412278023251
2025-03-08 20:30:00,22.957129431970053,64.31323219431091,122.4409284066876
2025-03-08 21:00:00,29.34534193225028,64.97311259710139,117.07205786283188
2025-03-08 21:30:00,27.621580429193294,65.19867241501476,123.72464369463906
2025-03-08 22:00:00,31.98361552513104,62.72159996060333,123.98055912936947
2025-03-08 22:30:00,33.133102813265545,65.84234118438215,119.17681605774976
2025-03-08 23:00:00,33.69539411695726,65.15816968418345,120.50234230384805
2025-03-08 23:30:00,35.89152856169012,64.83282644299068,122.92029950080892
2025-03-09 00:00:00,40.24025137898863,63.915350899919815,126.3662980255228
2025-03-09 00:30:00,43.123832685827864,63.36821661385391,117.97426559383196
2025-03-09 01:00:00,46.405108340970514,63.71852926840781,128.58862705744528
2025-03-09 01:30:00,45.1198017922871,64.59803366772915,122.76958490530671
2025-03-09 02:00:00,48.81063343514768,63.155039111214656,134.36500354001876
2025-03-09 02:30:00,51.98549617334587,63.15029188671924,132.46161393548473
2025-03-09 03:00:00,57.34363454402608,62.918825325407916,123.34014446871545
2025-03-09 03:30:00,51.14670966457246,63.71034579022121,122.5116242115792
2025-03-09 04:00:00,58.19873137190459,62.20482019432109,138.38472725634608
2025-03-09 04:30:00,57.3974989329989,61.767522890749724,129.42351471374775
2025-03-09 05:00:00,60.18127121146765,62.620325006490305,129.3764463250483
2025-03-09 05:30:00,58.8449394149158,60.33138798722795,124.62582369480361
2025-03-09 06:00:00,60.729102127138766,60.59924226716308,126.35776852622209
2025-03-09 06:30:00,62.95817330884938,58.29007137231279,131.3235586176164
2025-03-09 07:00:00,60.02690953269555,59.03505111678631,130.5950406621787
2025-03-09 07:30:00,59.344390535181375,58.206097619404375,123.5193165048433
2025-03-09 08:00:00,58.06622385255852,57.67534237527857,134.19605208443926
2025-03-09 08:30:00,54.36643976481846,56.48981749902712,129.67121996381942
2025-03-09 09:00:00,55.228171327452834,55.43386770214453,123.49753531897414
2025-03-09 09:30:00,51.75853545471254,55.73370407444938,133.5135063395725
2025-03-09 10:00:00,48.376572711682876,55.201898887105564,127.76899033551292
2025-03-09 10:30:00,47.576572794878615,56.4139776832062,132.77338986098195
2025-03-09 11:00:00,44.72180395515455,56.078205253183,126.16839400844053
2025-03-09 11:30:00,44.11748343504944,53.840654484990104,130.93698342583818
2025-03-09 12:00:00,39.91432155000506,55.62732307754664,121.0348293630085
2025-03-09 12:30:00,36.33059204061058,54.56304413715966,131.24243559864814
2025-03-09 13:00:00,37.73556224939295,55.62929121317683,121.7886653507176
2025-03-09 13:30:00,34.32310687805805,54.89904485124717,130.39142374916733
2025-03-09 14:00:00,32.53945887586869,54.19810547198963,116.84890314379969
2025-03-09 14:30:00,29.04010614385475,57.04950079145222,129.4097653966863
2025-03-09 15:00:00,25.638466387399856,56.916761477679934,133.4518515132377
2025-03-09 15:30:00,23.294746386378712,55.73050574438418,132.308371329055
2025-03-09 16:00:00,22.120811934206895,55.60858790793784,135.94758608722867
2025-03-09 16:30:00,23.417790569398928,57.55235899742545,124.52361930318324
2025-03-09 17:00:00,20.905290034708106,57.52406115447893,137.88684877096273
2025-03-09 17:30:00,17.20541648378803,58.98345440154926,138.09200362539
2025-03-09 18:00:00,19.921834404565953,60.62027670499515,123.92774176353699
2025-03-09 18:30:00,17.33889436012137,62.12171587922623,125.96806515764625
2025-03-09 19:00:00,21.013215142343334,60.937293653201245,127.08306880613661
2025-03-09 19:30:00,19.11477008135111,63.290770222136224,129.8242839051228
2025-03-09 20:00:00,20.151619667882706,63.66434431154727,130.84134739246062
2025-03-09 20:30:00,24.37009210201864,62.6093874283036,117.39786359193795
2025-03-09 21:00:00,25.701435724651628,61.86851074766346,132.79290444871353
2025-03-09 21:30:00,24.501248020246443,64.82035741959919,128.44144994236433
2025-03-09 22:00:00,31.496447436142628,64.94053435199005,124.51002967859004
2025-03-09 22:30:00,36.67252472966669,66.9743189383041,134.353765695366
2025-03-09 23:00:00,31.86086760936739,66.26140444196278,127.72049549896667
2025-03-09 23:30:00,41.02917559315478,65.74158103666637,135.08450845036307
2025-03-10 00:00:00,38.624421151543544,66.69072264077421,131.91944955445513
2025-03-10 00:30:00,41.62234260607152,63.91195297079613,127.48408827356873
2025-03-10 01:00:00,44.81860646017478,65.02662837737293,134.87393981259584
2025-03-10 01:30:00,44.76311420597104,64.34984485296692,132.87404057228892
2025-03-10 02:00:00,52.598254428876416,66.07681617089477,126.09721825302509
2025-03-10 02:30:00,53.16061583704905,64.53658060248816,120.34296570083684
2025-03-10 03:00:00,52.639227220104644,60.48112412005693,125.53671778522491
2025-03-10 03:30:00,55.312912496581305,64.42006220630648,131.21540100745193
2025-03-10 04:00:00,54.28778919975659,61.599699469398296,126.70226976357563
2025-03-10 04:30:00,57.78207516984655,62.69825206010534,136.58884044653456
2025-03-10 05:00:00,61.190942828661306,60.8237008471563,128.78855076540725
2025-03-10 05:30:00,56.398317683190115,60.90685135340642,128.225387887456
2025-03-10 06:00:00,59.12751934209758,60.6458692332667,129.03925331358118
2025-03-10 06:30:00,60.122480698771845,59.55276693826035,122.3035297833274
2025-03-10 07:00:00,61.4149952174772,57.76390443188024,125.8813448473838
2025-03-10 07:30:00,61.17625175570696,59.49856187596848,122.8969471386564
2025-03-10 08:00:00,56.40600216401546,57.910418303145654,114.11544864273125
2025-03-10 08:30:00,54.38645305267302,56.953368185373165,116.7029894281824
2025-03-10 09:00:00,55.04293494595617,57.18512718551712,129.0943664332087
2025-03-10 09:30:00,51.44871899633107,55.51288718766902,122.83404107484616
2025-03-10 10:00:00,49.37996125321306,57.57145964423243,124.1443807829312
2025-03-10 10:30:00,49.81403600518777,55.62161094130348,116.98886766490085
2025-03-10 11:00:00,48.5558566427211,55.55252816722453,121.14417346147461
2025-03-10 11:30:00,43.14225898666971,55.406881645077156,127.72165179491732
2025-03-10 12:00:00,39.61557045053801,54.104583659563446,123.91520032068793
2025-03-10 12:30:00,38.53200008555157,53.88602835830454,120.45737095895166
2025-03-10 13:00:00,31.04858743909097,55.40550865370678,130.42472553284185
2025-03-10 13:30:00,32.30983322599613,55.751275800120936,122.0372504915713
2025-03-10 14:00:00,27.878846309090765,57.034455928875914,120.1988880792785
2025-03-10 14:30:00,32.60362709710607,56.50329313367898,127.34854918634407
2025-03-10 15:00:00,27.29826423122453,55.39415958700829,112.43965545442497
2025-03-10 15:30:00,24.415672889672216,57.501625481872274,123.5634123593079
2025-03-10 16:00:00,22.29076266579899,58.34663766518788,114.75806538626453
2025-03-10 16:30:00,16.492497268658653,59.10896106831074,115.98884441308627
2025-03-10 17:00:00,22.10709252278866,59.058917632914415,116.0924898719618
2025-03-10 17:30:00,23.42984066881179,58.14508383960108,119.76236105542561
2025-03-10 18:00:00,18.54236020583671,61.18070277786669,119.21738559849962
2025-03-10 18:30:00,21.53791179429838,59.939985803600564,119.76391061298938
2025-03-10 19:00:00,22.126569787338138,61.88714812585233,118.8374561468257
2025-03-10 19:30:00,18.426154017498593,60.35966050016794,124.3974746573702
2025-03-10 20:00:00,24.55097261867582,63.28392951383146,125.3909703506872
2025-03-10 20:30:00,26.842495345590283,62.27797368207932,119.97910226785035
2025-03-10 21:00:00,26.314824612892092,64.63709142919737,119.74827636621039
2025-03-10 21:30:00,27.698407430414814,65.74987908583742,113.56479959476606
2025-03-10 22:00:00,31.57592698078785,65.5185738133502,109.43234439921528
2025-03-10 22:30:00,29.26482340194896,63.46998709257354,117.46571499810987
2025-03-10 23:00:00,35.01018050366824,63.903807479715226,114.17298471350254
2025-03-10 23:30:00,39.49816007002906,64.1046182304492,117.81675774549282
2025-03-11 00:00:00,37.51512933699286,65.68043804192176,103.79727813757758
2025-03-11 00:30:00,44.595666262707454,65.32043256592902,125.9811367229208
2025-03-11 01:00:00,44.33992158417687,65.00551246651352,105.56885986374427
2025-03-11 01:30:00,43.492014740076854,64.9460108529223,111.6366131767473
2025-03-11 02:00:00,49.78850409154042,64.92692685258115,115.93390424992005
2025-03-11 02:30:00,50.23143536097975,64.63497206575596,103.44460088103838
2025-03-11 03:00:00,54.780654904796634,65.24176673467129,107.10189889015693
2025-03-11 03:30:00,53.52278450415518,63.00385113416721,99.1816940297227
2025-03-11 04:00:00,59.42105989303387,62.71919611037049,101.61773096303837
2025-03-11 04:30:00,56.999930006488434,60.07253347816926,98.52428832844423
2025-03-11 05:00:00,60.03123151610009,59.98474988048976,108.27243067321093
2025-03-11 05:30:00,58.640937340611416,59.97302205278693,108.68736778905631
2025-03-11 06:00:00,59.35418937568379,58.82686586705036,105.06229457370111
2025-03-11 06:30:00,62.212417316774804,59.58052942690341,112.47944349556889
2025-03-11 07:00:00,59.74907341824113,59.75886146974227,112.56045937319375
2025-03-11 07:30:00,57.687526467834296,57.66194973679722,104.97816233576476
2025-03-11 08:00:00,54.81749204657407,57.024567425718054,103.34808972695598
2025-03-11 08:30:00,58.18696935362686,56.453736406956004,102.52375762591251
2025-03-11 09:00:00,55.60775796230492,56.60386803371736,101.06772770533749
2025-03-11 09:30:00,51.52215743227533,55.496189085993116,109.37346262017077
2025-03-11 10:00:00,80.97860611950276,56.10381422453342,250.91885531056943
2025-03-11 10:30:00,45.59451354337177,55.688158965750574,100.00371185463236
2025-03-11 11:00:00,43.14669113164488,55.5207340158563,99.97114682638471
2025-03-11 11:30:00,40.958148427445295,55.8121833853161,103.3060760196169
2025-03-11 12:00:00,40.706854435949886,55.036086326597754,97.98900042784733
2025-03-11 12:30:00,37.981167943796066,55.19060086839949,101.01958384935772
2025-03-11 13:00:00,33.33301323620426,56.93337372683868,98.6953893095576
2025-03-11 13:30:00,33.821880545289126,55.33775267568906,105.14139877289743
2025-03-11 14:00:00,31.569387081803487,56.470228404620606,103.59801786879638
2025-03-11 14:30:00,28.170587748415436,56.088935624658184,90.06397761135888
2025-03-11 15:00:00,27.93464151177971,56.00728148713671,95.83557814312078
2025-03-11 15:30:00,23.55820829296006,56.499384125512925,99.67112064940899
2025-03-11 16:00:00,22.453449653747484,56.67959949178494,93.27142485254026
2025-03-11 16:30:00,22.468126699627554,58.09793352277887,99.06138761899723
2025-03-11 17:00:00,20.613395455663547,58.10109924432786,96.1184790882115
2025-03-11 17:30:00,21.758901169426046,58.92331980052609,96.86513080775715
2025-03-11 18:00:00,17.494663733612224,61.21835503625416,93.01545599764606
2025-03-11 18:30:00,23.022632891878786,60.517952960338825,94.31881487370804
2025-03-11 19:00:00,19.118940501711286,62.4330406161399,94.88191089717363
2025-03-11 19:30:00,21.193013649820358,62.1775938135309,84.30035469601583
2025-03-11 20:00:00,19.92440652613793,63.36046476487527,86.55603700468188
2025-03-11 20:30:00,25.33337783385319,62.43125863063279,85.50726356307338
2025-03-11 21:00:00,28.405567122661935,63.680883574441395,98.57429422563462
2025-03-11 21:30:00,29.966865277063107,66.60020246051452,91.09960747071264
2025-03-11 22:00:00,31.666749944524422,65.1550692712131,90.92751384717378
2025-03-11 22:30:00,29.232044812783464,65.61998078497219,89.40516520559838
2025-03-11 23:00:00,33.25928298939291,65.05969133266265,85.40804199543659
2025-03-11 23:30:00,36.464350173118646,65.8110983479793,83.7549311764548
2025-03-12 00:00:00,38.13053146560196,63.83379221756964,91.27029967518104
2025-03-12 00:30:00,44.855914306318276,64.10176683929326,84.61694583925912
2025-03-12 01:00:00,45.545349527912926,65.25359481584486,93.9480285548842
2025-03-12 01:30:00,47.60471303885123,65.4342422803537,86.49210389537143
2025-03-12 02:00:00,50.97507146420689,63.91437001515388,85.48107343990684
2025-03-12 02:30:00,50.27199050451784,63.773094601691916,83.43443322371783
2025-03-12 03:00:00,52.32543416719659,63.167088778052396,83.68822459704053
2025-03-12 03:30:00,54.1041428257591,62.84875213314935,83.76123791893886
2025-03-12 04:00:00,58.31574997362148,61.29164653741029,90.77821499058109
2025-03-12 04:30:00,59.16078340842875,60.47200814685139,94.409380973617
2025-03-12 05:00:00,60.47470146132567,61.202985710577444,76.40914227779443
2025-03-12 05:30:00,61.98566346253538,58.90484525695538,83.0480681747919
2025-03-12 06:00:00,57.2853982819222,59.010593644215554,84.88418933008013
2025-03-12 06:30:00,58.70790845499503,58.67546387478107,76.34975040942034
2025-03-12 07:00:00,59.613592713526785,57.640449989984496,77.27988677249566
2025-03-12 07:30:00,55.78010443586967,58.31117569996804,77.74209483869937
2025-03-12 08:00:00,56.25615761902281,57.039215682354296,67.53186609108937
2025-03-12 08:30:00,57.89512461163232,56.8594508375019,82.4889638000162
2025-03-12 09:00:00,56.34742388280617,55.43714776942863,78.58890551259178
2025-03-12 09:30:00,54.3286423650019,55.272869019516094,77.96236470529533
2025-03-12 10:00:00,50.08603537221829,56.16278413081753,78.45732941272098
2025-03-12 10:30:00,47.22973357321569,55.72321114413125,78.9215635830068
2025-03-12 11:00:00,47.33543028240166,54.68368432230508,88.92258472361907
2025-03-12 11:30:00,41.86523185151507,55.384035636099554,77.85023092370002
2025-03-12 12:00:00,40.67647798035069,55.164090287851884,80.77717949644021
2025-03-12 12:30:00,40.040034003832126,55.17770312174045,73.63250592851244
2025-03-12 13:00:00,34.088477497215834,56.73972906476377,77.6783632069215
2025-03-12 13:30:00,31.12522675083347,54.953520835565605,74.00183870161992
2025-03-12 14:00:00,29.981257453349407,56.062206660426675,74.51103104333332
2025-03-12 14:30:00,29.02152977743022,56.42684650287929,70.4160225338478
2025-03-12 15:00:00,26.82268240793863,56.20176871400542,70.55192050362052
2025-03-12 15:30:00,24.444648740596623,55.761931077039,76.64574368272466
2025-03-12 16:00:00,23.792332194991978,58.160603735873565,77.8173984589199
2025-03-12 16:30:00,18.323211861928904,58.31722504633556,76.11123509033074
2025-03-12 17:00:00,18.96295148958452,58.72330141877613,70.16421106671233
2025-03-12 17:30:00,20.497555001369346,59.33734609733106,74.86620686859041
2025-03-12 18:00:00,18.14267695417726,59.98689678460651,60.30885498003969
2025-03-12 18:30:00,17.487753887837755,59.7230614331127,77.52857327951297
2025-03-12 19:00:00,18.265843765429924,61.54946259225545,72.37819225098387
2025-03-12 19:30:00,19.686081503323926,60.072394644719516,73.71177482543966
2025-03-12 20:00:00,22.32254214266256,62.434536470169725,77.98890457031256
2025-03-12 20:30:00,22.08768156219196,61.506865551050595,69.8326214343879
2025-03-12 21:00:00,26.32766205327103,63.14148779035362,76.57307319478548
2025-03-12 21:30:00,31.217219705157184,64.63886331154183,69.3797205803791
2025-03-12 22:00:00,29.704747381715567,64.0264736476115,74.14962767711214
2025-03-12 22:30:00,34.89572917420028,64.09423570926882,69.21894099973119
2025-03-12 23:00:00,35.40048258172746,65.29661124731682,72.63964264726695
2025-03-12 23:30:00,35.14982915688524,64.64028721109078,78.2574725304264
2025-03-13 00:00:00,39.487180850022696,64.54351671417068,67.58679422148816
2025-03-13 00:30:00,40.646854361349824,64.51448866985798,67.67158041781664
2025-03-13 01:00:00,46.71225167056457,66.29123906370565,68.9883554350858
2025-03-13 01:30:00,45.347477819261385,65.2326067257791,72.04247785620205
2025-03-13 02:00:00,52.64514540183932,64.75910420888358,84.23801405520607
2025-03-13 02:30:00,53.33160446531572,62.72397776124026,67.47284813102651
2025-03-13 03:00:00,50.097515422968094,64.10117564379091,60.07150905949002
2025-03-13 03:30:00,57.435749635030874,61.696502748905424,66.97666731268016
2025-03-13 04:00:00,60.426540799968265,62.92419040769034,62.270357806953626
2025-03-13 04:30:00,56.89654322699641,60.741595027507095,67.37245020941596
2025-03-13 05:00:00,61.28902095156061,63.189698942741586,70.24156884052901
2025-03-13 05:30:00,56.232133764073716,58.911350158689494,65.33399935261467
2025-03-13 06:00:00,60.504313223292,61.16357128936557,66.72288694638284
2025-03-13 06:30:00,56.506118504102645,60.08965521447564,60.77687636258749
2025-03-13 07:00:00,60.28329850507802,56.871485554633054,71.07153108536497
2025-03-13 07:30:00,54.90166515006061,57.78626145329251,66.43863451061436
2025-03-13 08:00:00,52.05476766087149,58.88422020368928,75.67747370980501
2025-03-13 08:30:00,56.65925314299464,58.031799820947995,75.55008520800276
2025-03-13 09:00:00,58.717915160479976,54.74549111476444,65.98289426730346
2025-03-13 09:30:00,50.98388942889115,55.45228237488489,68.55634411504256
2025-03-13 10:00:00,51.66033109327129,54.435057297666084,70.76443550176339
2025-03-13 10:30:00,47.87509084009137,54.29443513022095,74.38517142005799
2025-03-13 11:00:00,44.529371422801184,54.466407605937476,62.30165012402741
2025-03-13 11:30:00,43.84129241460914,56.82165141296127,70.44001743653617
2025-03-13 12:00:00,43.284810758513544,55.070687536183584,80.26431636972974
2025-03-13 12:30:00,34.919220181220986,54.754012822528395,70.61068326078706
2025-03-13 13:00:00,35.951412985983815,54.772473356412334,72.31084966553338
2025-03-13 13:30:00,33.036602212565356,55.983209962971124,71.35939496972803
2025-03-13 14:00:00,27.15130865867992,56.29719627874181,65.54131671385528
2025-03-13 14:30:00,31.054193154290488,55.05033206645565,76.45616767692358
2025-03-13 15:00:00,29.756581797996724,57.86766561358375,73.22279476649955
2025-03-13 15:30:00,22.22738921680756,55.80936131031716,72.88813777988828
2025-03-13 16:00:00,26.155292914974787,57.15864751952387,75.91489155967005
2025-03-13 16:30:00,21.634701586052245,58.47263026569413,76.43109273751855
2025-03-13 17:00:00,20.354986796529786,60.35185320560052,63.207806520673685
2025-03-13 17:30:00,23.17800066305334,58.93656673152542,75.35523342434006
2025-03-13 18:00:00,20.454865710422887,60.22112316754637,70.25716576941426
2025-03-13 18:30:00,20.817454585261036,61.89013151214964,74.23246150617278
2025-03-13 19:00:00,23.716833423491234,61.852411005782656,70.11260447063962
2025-03-13 19:30:00,24.098849188770167,62.97550491052305,69.62057845832778
2025-03-13 20:00:00,24.465790760143722,63.47315621766438,79.01590791073839
2025-03-13 20:30:00,21.331833426293965,63.23863595387729,74.49133983129973
2025-03-13 21:00:00,22.71308369377946,64.10122679354946,73.4145049986334
2025-03-13 21:30:00,30.07705389320666,64.81824637800445,73.69490252710943
2025-03-13 22:00:00,28.146560948714008,64.23727803150167,75.85974763439559
2025-03-13 22:30:00,32.64329844386193,66.15246148788788,75.69830876499798
2025-03-13 23:00:00,32.67547510784116,62.77863638198903,64.25338026792608
2025-03-13 23:30:00,37.02210309814267,63.97160426558539,72.08817311068249
2025-03-14 00:00:00,37.442609747502225,66.37867943796125,75.62547342930019
2025-03-14 00:30:00,45.87087194821903,65.31921396071395,80.90901851525818
2025-03-14 01:00:00,43.1385560422769,64.1207699047327,84.36357457293069
2025-03-14 01:30:00,47.40968011202583,64.93262829744965,73.23480501147286
2025-03-14 02:00:00,49.623601036773636,65.3519861765868,88.01041355989288
2025-03-14 02:30:00,54.58742416671451,63.34326093648067,79.17169991382052
2025-03-14 03:00:00,51.30234051153407,64.23887748005264,81.5517832489547
2025-03-14 03:30:00,55.80038274098212,62.857274711371204,76.83465753630661
2025-03-14 04:00:00,56.902039540531185,62.32229409656011,76.89351568435751
2025-03-14 04:30:00,59.53744173265668,61.78000156062954,87.54713052942179
2025-03-14 05:00:00,60.26255008414338,62.34142183070927,79.68349411972443
2025-03-14 05:30:00,58.901404159593234,59.46911267276689,80.70209219749124
2025-03-14 06:00:00,60.47917198225061,59.56864675052013,87.46384462177231
2025-03-14 06:30:00,59.079634862992066,59.94598870273749,90.74205035566679
2025-03-14 07:00:00,60.25474700056519,57.423251608528645,75.05169648686693
2025-03-14 07:30:00,58.272430318576454,56.442166240038986,82.08111195722668
2025-03-14 08:00:00,56.00936988823325,58.005291136296016,83.43818102725324
2025-03-14 08:30:00,55.811952760593364,56.89418080197738,93.05631927115039
2025-03-14 09:00:00,54.86970354635005,56.2538185734452,96.80193310091366
2025-03-14 09:30:00,56.706993782804844,56.112101193872824,84.67870994140155
2025-03-14 10:00:00,49.01753625842855,54.634382583414535,87.29294344944017
2025-03-14 10:30:00,48.26698477618061,58.22977749879256,90.25706365344006
2025-03-14 11:00:00,48.10245434528282,54.12297732531018,92.19008241497505
2025-03-14 11:30:00,38.45418649238557,54.54414009603537,85.32820959490775
2025-03-14 12:00:00,36.513923604730735,53.515169226541204,91.73329975762341
2025-03-14 12:30:00,35.012157455367365,54.56360821988974,84.44892590658426
2025-03-14 13:00:00,34.59514601228,56.63321691409859,75.06378021878125
2025-03-14 13:30:00,37.2262849156845,55.33618803163617,82.07827171507758
2025-03-14 14:00:00,30.782733944790724,56.201328371654284,90.59907800197719
2025-03-14 14:30:00,30.240922103185987,55.48650004612642,93.97835299836014
2025-03-14 15:00:00,25.413785674876113,58.2141604586389,79.26814094324385
2025-03-14 15:30:00,19.2054856655772,57.05673252914863,82.07728296638771
2025-03-14 16:00:00,18.05221520542994,56.18837795894087,91.51643441749584
2025-03-14 16:30:00,23.559647821119967,58.793223970033196,75.28705710604382
2025-03-14 17:00:00,21.05120255922927,58.272965023089036,95.5679399718553
2025-03-14 17:30:00,17.574104436898434,59.89098234114219,98.50325737282627
2025-03-14 18:00:00,22.234641363999962,60.0758127108131,78.93841974387769
2025-03-14 18:30:00,17.093192821428655,60.852738868276916,98.28430970442737
2025-03-14 19:00:00,22.949967720624347,61.36729648367122,94.03390401351218
2025-03-14 19:30:00,24.425091049106108,60.94455397629107,102.66825550622896
2025-03-14 20:00:00,21.149845173198646,60.934413590262814,97.53626160341926
2025-03-14 20:30:00,21.91669911804422,63.956053581337535,95.49287395224852
2025-03-14 21:00:00,27.546518477532565,63.336414553066945,97.85878431192644
2025-03-14 21:30:00,25.634194262564183,64.18869477598105,102.53204249591286
2025-03-14 22:00:00,31.723772914395415,63.80251596293162,99.34554168152722
2025-03-14 22:30:00,29.955853796770892,62.53240882128815,99.16309223474045
2025-03-14 23:00:00,36.43877621847767,63.488826515134306,92.29510701188397
2025-03-14 23:30:00,37.577210042705616,66.28852570188154,102.51742861002266
2025-03-15 00:00:00,39.13444324667664,64.150586076687,100.81885164931377
2025-03-15 00:30:00,40.819154479152445,64.51028070319892,110.45309470944011
2025-03-15 01:00:00,45.65153044175987,63.29793335349363,101.7357163362886
2025-03-15 01:30:00,43.868347380633466,64.0270739821401,101.93180853375942
2025-03-15 02:00:00,49.44807165550215,63.892653433562536,99.79267133067714
2025-03-15 02:30:00,51.38292024171864,63.67996570878354,107.12223487543487
2025-03-15 03:00:00,55.49885547930884,63.396336831842376,103.03585340743115
2025-03-15 03:30:00,53.359426095474376,62.34654063982904,101.08721971068036
2025-03-15 04:00:00,60.74738435287968,61.85956135672542,113.21109847516202
2025-03-15 04:30:00,57.85442910466439,61.83327934587681,114.66530442495379
2025-03-15 05:00:00,57.04218148124835,61.55021271754281,104.0210204826225
2025-03-15 05:30:00,62.60105472648381,60.44365513996291,101.71101569869523
2025-03-15 06:00:00,63.32586207448197,61.67545322723507,113.05443087852919
2025-03-15 06:30:00,59.45335322752824,59.48540674777895,103.75920406322457
2025-03-15 07:00:00,57.53637084714891,58.799452819537464,122.65460623529208
2025-03-15 07:30:00,58.50969658751765,57.36274310060075,108.3563507028051
2025-03-15 08:00:00,55.939684606005926,58.458905960988325,114.40842867284996
2025-03-15 08:30:00,55.24299972627442,55.86419311055033,103.60778498391326
2025-03-15 09:00:00,57.258994415088935,54.77765984954142,110.4742126500094
2025-03-15 09:30:00,52.95903055464219,54.98898828250285,116.66639769023605
2025-03-15 10:00:00,50.2907876484008,56.21963153556189,113.91419447545601
2025-03-15 10:30:00,48.345693039740894,54.16661194714911,109.53427097352234
2025-03-15 11:00:00,45.060201289445295,56.394431690650215,125.06150181614336
2025-03-15 11:30:00,44.2936595688413,54.95010511500283,116.97287195852027
2025-03-15 12:00:00,41.758580261790634,53.41368696706222,112.6251288888429
2025-03-15 12:30:00,36.65004271328747,54.74331084412386,111.2437696518346
2025-03-15 13:00:00,35.033795882033466,56.88322847520929,113.42319992912658
2025-03-15 13:30:00,37.173546710321524,54.449830825179504,122.05688170839309
2025-03-15 14:00:00,30.843198292344997,54.28920779313042,111.8884012727011
2025-03-15 14:30:00,27.453064653049093,56.47455915268366,116.41113738538357
2025-03-15 15:00:00,29.95724788185923,57.699533017727994,112.60733735879788
2025-03-15 15:30:00,24.151798301852395,57.90119145909251,123.49962177653889
2025-03-15 16:00:00,20.484888075558434,57.100072386842456,116.84948290312278
2025-03-15 16:30:00,22.871571069422195,58.20271477722267,122.45962494749658
2025-03-15 17:00:00,18.881831174916485,58.9594026603783,121.43289677768705
2025-03-15 17:30:00,19.176657743566942,60.44985274183289,116.11664020816147
2025-03-15 18:00:00,20.652650772648045,62.07708566315598,122.99408382383547
2025-03-15 18:30:00,19.91756892282691,60.473291473510294,124.63243300086006
2025-03-15 19:00:00,19.1545102593885,62.52177741795027,114.57801831562824
2025-03-15 19:30:00,20.420496174657035,61.49785440876299,124.29686843679373
2025-03-15 20:00:00,21.49273991895726,63.01739915717819,139.0629894622309
2025-03-15 20:30:00,26.465306103061028,62.039005207353895,120.09482766092934
2025-03-15 21:00:00,24.41586395452342,62.699899267841595,125.20194989363358
2025-03-15 21:30:00,26.68033329841591,64.31035112952435,115.67099984988457
2025-03-15 22:00:00,34.07670873992616,63.36174989285534,125.08173816068458
2025-03-15 22:30:00,31.238802699129923,65.43480431885025,120.18687416771687
2025-03-15 23:00:00,37.80245451499018,64.20736909669796,127.37655647029742
2025-03-15 23:30:00,40.020940560710855,64.96306319894181,123.62265651223888
2025-03-16 00:00:00,39.694496758138854,64.84483249422117,118.31026484780516
2025-03-16 00:30:00,39.77174117609,64.55218934999615,130.1157279697157
2025-03-16 01:00:00,46.082409164211995,64.8889475281727,123.82862289689095
2025-03-16 01:30:00,48.999018941461244,65.62700193388612,120.13401033547565
2025-03-16 02:00:00,51.93560896347779,67.36371250103711,125.89890695422783
2025-03-16 02:30:00,52.319017055564785,62.70829230515919,121.01095859211469
2025-03-16 03:00:00,56.55125059430061,63.76404493382072,128.17264516639622
2025-03-16 03:30:00,58.64778401993018,62.79665986487924,126.15516550671383
2025-03-16 04:00:00,55.21174399397912,61.515117508681854,124.89341949225893
2025-03-16 04:30:00,61.33656726429709,62.12815390738104,130.39585979735514
2025-03-16 05:00:00,59.667601234102925,60.34382021533008,120.86423047436212
2025-03-16 05:30:00,58.69740911553052,60.502888358120245,132.45934197449196
2025-03-16 06:00:00,59.362744543812475,61.168145147531625,117.70109528655966
2025-03-16 06:30:00,63.584041510513735,57.25484392314292,136.15090939753398
2025-03-16 07:00:00,61.28657648099883,58.881976051556,129.19382282749513
2025-03-16 07:30:00,54.8994987311769,58.461741566867715,127.16561054513822
2025-03-16 08:00:00,57.48742309383667,56.47106316084597,124.99425896686368
2025-03-16 08:30:00,55.58736690866619,57.40850436231124,131.66773304992165
2025-03-16 09:00:00,53.79096107981714,56.74445879114771,128.29143010874407
2025-03-16 09:30:00,51.14891812669369,55.612727250202916,128.3791796690063
2025-03-16 10:00:00,47.08739705093109,56.810335549993326,134.65677149130943
2025-03-16 10:30:00,49.376957272713305,54.001689365510906,127.41690991355341
2025-03-16 11:00:00,43.29700142185782,55.741913315957575,128.5665685824335
2025-03-16 11:30:00,41.87044162604925,54.73764584859366,132.06751897447003
2025-03-16 12:00:00,38.79522942850587,53.87204724060186,135.44546938332135
2025-03-16 12:30:00,35.933828399851194,54.79363626191393,129.3907253850435
2025-03-16 13:00:00,36.310092449070716,54.74950927878732,131.06421579285544
2025-03-16 13:30:00,33.11387966962702,56.12781231212261,130.59035453468778
2025-03-16 14:00:00,28.651676732644987,54.10304213018068,134.19871252174318
2025-03-16 14:30:00,25.935150036809656,55.76695051975943,138.05399457396612
2025-03-16 15:00:00,24.919035554584667,55.93713532753732,125.87233799874721
2025-03-16 15:30:00,26.0669815497388,58.45729940714411,129.97595771135147
2025-03-16 16:00:00,22.93133467564708,56.31000354161811,130.4592756359221
2025-03-16 16:30:00,21.98857673387918,59.073099113468224,133.71559243302158
2025-03-16 17:00:00,20.02515613809125,56.87697484823711,138.34387493579695
2025-03-16 17:30:00,19.655341944924068,59.61818551321472,130.68986625846605
2025-03-16 18:00:00,20.433087453319224,59.7900409914395,131.85621044843487
2025-03-16 18:30:00,16.484252752289667,60.95579590254619,136.49638191302918
2025-03-16 19:00:00,23.90559969868229,60.51579727766592,124.46746950488775
2025-03-16 19:30:00,19.947122246258626,59.886360636025955,126.83886738005897
2025-03-16 20:00:00,21.542863154190744,60.877797490729044,128.41472449269637
2025-03-16 20:30:00,26.80992723560621,64.27818663568378,130.60819146540277
2025-03-16 21:00:00,26.302731826798528,63.6696983191852,131.7493204488479
2025-03-16 21:30:00,27.908938528201723,63.0226558474699,127.89202139174644
2025-03-16 22:00:00,28.83336140579845,65.1491611990659,139.3042327672942
2025-03-16 22:30:00,29.223992560274976,63.79269827351892,126.77104757549849
2025-03-16 23:00:00,35.19350980830037,64.0083527730846,129.22032896331913
2025-03-16 23:30:00,39.779998933048596,63.66114990248719,135.63212311772855
2025-03-17 00:00:00,38.20068958658464,66.09360365653805,133.92319101134495
2025-03-17 00:30:00,45.33603356797798,66.83515161474503,129.80856826925876
2025-03-17 01:00:00,42.9220966445545,63.78039412019605,131.64153788462357
2025-03-17 01:30:00,46.18564639586127,64.82258491588017,133.72908704975666
2025-03-17 02:00:00,51.01178309904462,65.22096554988325,129.35815334397196
2025-03-17 02:30:00,52.17535903687461,65.99456043897165,132.5343306835883
2025-03-17 03:00:00,55.52391162596761,61.049198470849085,124.4198419315934
2025-03-17 03:30:00,54.38359062216535,63.095795337627095,129.2285930678423
2025-03-17 04:00:00,55.25698483465318,63.05545924651662,120.34508382286609
2025-03-17 04:30:00,54.74346524793739,60.343184645567504,123.92617346213521
2025-03-17 05:00:00,56.91109402647924,61.61075549882678,122.43524015351899
2025-03-17 05:30:00,57.676681718200285,60.75809156412319,134.32459760031506
2025-03-17 06:00:00,57.146068758955025,60.63095106566951,125.39587002061685
2025-03-17 06:30:00,60.445819578156474,58.671950211754286,129.0024038720234
2025-03-17 07:00:00,57.99074619490812,59.030285657780624,122.54042258151
2025-03-17 07:30:00,54.501000526238904,57.38760973357891,125.92763171012658
2025-03-17 08:00:00,62.2874733595857,58.01192567098246,125.25801169690479
2025-03-17 08:30:00,54.19735948328226,57.02011694757572,122.0430137129121
2025-03-17 09:00:00,51.63111696889089,55.993031324444566,130.43544867870935
2025-03-17 09:30:00,54.65480505181578,54.52286674482412,117.34067306040556
2025-03-17 10:00:00,52.33086765765171,57.222836407491734,128.6345530475691
2025-03-17 10:30:00,45.35098678858668,56.39446642433456,138.62172595635934
2025-03-17 11:00:00,42.228417127062315,55.95496686196553,120.62754609315992
2025-03-17 11:30:00,40.61039034372197,54.283008661443276,124.60195613727852
2025-03-17 12:00:00,42.258971586935125,54.55424635641966,116.17786911571459
2025-03-17 12:30:00,36.76695462101376,56.6175631827681,123.58644864022651
2025-03-17 13:00:00,33.20622338122064,55.81954409737291,114.53282083033494
2025-03-17 13:30:00,32.289586527209906,54.433769075873656,126.14937173740978
2025-03-17 14:00:00,32.40838298980495,55.6215111973804,120.06691500991111
2025-03-17 14:30:00,25.04567067601405,56.08029998280391,112.78611714379021
2025-03-17 15:00:00,25.09026081516275,56.17072175346618,115.180642559597
2025-03-17 15:30:00,21.365981954329165,55.91907956170583,113.2754901922853
2025-03-17 16:00:00,61.93347674463196,58.66183332826668,204.08827764038153
2025-03-17 16:30:00,68.34038829101098,58.583573650456984,224.1191110832042
2025-03-17 17:00:00,71.45911013659071,58.417043168431526,244.4926438960714
2025-03-17 17:30:00,67.64184101499876,57.68328772641956,239.1711875916326
2025-03-17 18:00:00,21.318253231628827,59.32616274022482,114.90047321499068
2025-03-17 18:30:00,15.967075750523488,60.558740223383154,119.28908739611616
2025-03-17 19:00:00,21.23433702416649,62.07341439914619,105.83812060892338
2025-03-17 19:30:00,18.85007891891447,61.45594704131946,120.73503988793368
2025-03-17 20:00:00,20.029946306961214,63.52158873925452,119.33656928900815
2025-03-17 20:30:00,22.72348136921095,63.09824151605328,104.28997576054405
2025-03-17 21:00:00,25.157430882891653,62.70602841197019,122.3250267352906
2025-03-17 21:30:00,28.97320990947338,61.08982525195693,107.4777387238419
2025-03-17 22:00:00,31.401357496639054,63.072274390897014,114.2117088457016
2025-03-17 22:30:00,32.871676506326466,63.04611268089797,120.81148990783718
2025-03-17 23:00:00,32.934945909821046,64.59630275044807,105.95659932542506
2025-03-17 23:30:00,38.741449731626275,65.20886716490301,104.36876415550996
2025-03-18 00:00:00,39.75810603555146,66.31007285445104,107.56435442985847
2025-03-18 00:30:00,44.97098155071971,64.86541411290897,107.22811341289984
2025-03-18 01:00:00,43.342119611807846,63.59286783916489,111.52474626146333
2025-03-18 01:30:00,42.12721847452478,66.89418631357383,109.02592161646837
2025-03-18 02:00:00,49.046581591299,64.5645986513349,108.64350317286983
2025-03-18 02:30:00,56.47775556813102,63.6269383489374,108.18712568594032
2025-03-18 03:00:00,55.08011032990214,63.19747915058392,109.18336030693152
2025-03-18 03:30:00,55.478408464476004,61.61668450059697,105.21532897375351
2025-03-18 04:00:00,59.08778068235473,63.06150822267303,110.71358579994478
2025-03-18 04:30:00,59.48395557795664,62.213448615542966,108.4880017924257
2025-03-18 05:00:00,60.2411991326648,62.80988891988095,102.76819320987383
2025-03-18 05:30:00,58.80180598364167,61.682622955243374,116.72662284369106
2025-03-18 06:00:00,60.152342079387495,60.79717562479893,100.38462046986932
2025-03-18 06:30:00,60.23128123586131,60.535322635398856,110.08328169178651
2025-03-18 07:00:00,58.03319297842738,58.35209132149112,101.97643428831995
2025-03-18 07:30:00,56.24013032298514,57.574188881317255,107.07710281305287
2025-03-18 08:00:00,57.59855339777078,57.3825763177306,107.35471274714283
2025-03-18 08:30:00,57.803967082616474,55.64326691403147,108.53580854006162
2025-03-18 09:00:00,55.436744272619784,56.25547295100285,110.84716676467113
2025-03-18 09:30:00,53.16318375950738,55.63880168920839,98.74580807479109
2025-03-18 10:00:00,51.008629879844975,56.27483766227832,117.08698772964979
2025-03-18 10:30:00,52.82167407988992,55.30309141048241,104.01476025539021
2025-03-18 11:00:00,45.69614834507111,53.2000056849713,97.24830854444977
2025-03-18 11:30:00,44.69460001853056,55.01224198103868,93.91599242748372
2025-03-18 12:00:00,43.91419994994503,56.35611244853335,112.27259241655722
2025-03-18 12:30:00,37.495602369292456,53.148158139050835,108.1489900746117
2025-03-18 13:00:00,35.35267919492626,54.35268208540016,99.11242398289455
2025-03-18 13:30:00,34.43442437724403,55.34012042979677,102.53976145512188
2025-03-18 14:00:00,33.375326541879176,54.28694861940653,104.82232793502816
2025-03-18 14:30:00,28.45098202956866,55.42812541939968,98.05445295806938
2025-03-18 15:00:00,26.58390001593078,56.465446071568316,94.83535354736543
2025-03-18 15:30:00,24.31461234694841,55.582642435394696,96.26925196282123
2025-03-18 16:00:00,20.26829354168962,57.74097062613096,100.18500513353416
2025-03-18 16:30:00,23.75774508006379,58.4434946741553,95.45940144728915
2025-03-18 17:00:00,20.17648596537167,57.38613604769827,88.5164183503946
2025-03-18 17:30:00,16.73359758500354,59.32377121623217,98.10904115414571
2025-03-18 18:00:00,19.711726570658044,61.03019814175897,84.88354384607021
2025-03-18 18:30:00,16.717043051631308,60.428090861016116,89.3266547662933
2025-03-18 19:00:00,18.67209156491617,61.68198421056078,98.94947405221501
2025-03-18 19:30:00,21.564577318228668,62.509751271865085,93.29584131006246
2025-03-18 20:00:00,20.845640365173235,62.21912367541644,92.7367487551152
2025-03-18 20:30:00,26.283578640758797,63.981373123448826,91.55229471189875
2025-03-18 21:00:00,22.9295857660287,63.87623871300198,95.75191790643964
2025-03-18 21:30:00,28.363037176525225,62.93237704864028,89.68833446279675
2025-03-18 22:00:00,31.128536200942474,64.81015581822334,79.45304893048744
2025-03-18 22:30:00,35.28127476147745,65.44307403742698,90.15394298513986
2025-03-18 23:00:00,36.68356263860044,65.59433587875577,72.71168425240731
2025-03-18 23:30:00,37.871885061259256,64.2741597740637,77.3849097645834
2025-03-19 00:00:00,40.17734709819928,65.42164643252762,95.45376802302222
2025-03-19 00:30:00,42.510459949843415,66.29287075420676,92.1688093675561
2025-03-19 01:00:00,47.47133155108246,65.02449857471395,83.98169637527928
2025-03-19 01:30:00,46.35807169129268,65.76914045366398,85.47522344541758
2025-03-19 02:00:00,51.060477195434125,65.59717711286257,85.80632899207522
2025-03-19 02:30:00,52.006974618431684,63.89774709197605,90.00723969452153
2025-03-19 03:00:00,54.64293270528133,64.16451892958625,80.45362882795315
2025-03-19 03:30:00,55.36229404478749,62.72261001360033,79.4267331707288
2025-03-19 04:00:00,61.61125752424843,63.53835845452438,80.2509758823374
2025-03-19 04:30:00,57.1841243212528,61.79367203142829,83.70758665965042
2025-03-19 05:00:00,59.84613347406838,60.71594690472355,83.89406533542662
2025-03-19 05:30:00,60.402672869164924,60.59943218241219,80.08032378808967
2025-03-19 06:00:00,61.2384735295517,59.900486242212224,85.53932579283828
2025-03-19 06:30:00,60.75240359756814,59.70318194738531,75.98852663199442
2025-03-19 07:00:00,60.19058523853228,59.14554684521081,80.39721648738852
2025-03-19 07:30:00,60.46458681252281,56.89671288611598,76.82667835101931
2025-03-19 08:00:00,54.33397712481066,56.82404601624939,74.80490824174574
2025-03-19 08:30:00,55.91053528552468,57.292276665817795,85.81692462597375
2025-03-19 09:00:00,51.69877250113774,56.922478144615084,77.5101218034811
2025-03-19 09:30:00,52.66442013641003,56.09684791390783,73.60411457246988
2025-03-19 10:00:00,47.658785573176395,58.28256087780956,78.569720419235
2025-03-19 10:30:00,45.75803319537673,56.47991181124887,72.86376113100242
2025-03-19 11:00:00,45.07988840817955,55.07602892408684,80.66624642335063
2025-03-19 11:30:00,45.42821533453589,55.754577620817535,81.60183744578573
2025-03-19 12:00:00,41.17996835128924,56.32276811332608,82.14777372753456
2025-03-19 12:30:00,38.00811953779652,55.394424033616836,71.14557279603247
2025-03-19 13:00:00,37.65591198905755,53.41240844809388,75.47257822710247
2025-03-19 13:30:00,30.481809892127494,55.466955682642805,85.3232990881923
2025-03-19 14:00:00,25.841954279875246,55.7111546954887,74.47887234983673
2025-03-19 14:30:00,27.00337054862231,58.15799865536121,81.73220645885748
2025-03-19 15:00:00,25.327944780807115,54.62010998745345,82.76711564863218
2025-03-19 15:30:00,26.62900851853854,58.49733702321924,67.61240440379841
2025-03-19 16:00:00,26.98458747381573,57.34008503331483,80.58171529390053
2025-03-19 16:30:00,18.889741665838432,59.015443176389134,77.96468189918994
2025-03-19 17:00:00,25.663296338132227,58.41268072370827,78.33231571875174
2025-03-19 17:30:00,23.327229197422923,59.52294296924047,82.23407050953273
2025-03-19 18:00:00,21.70455310690739,61.133053308180095,75.69964216173881
2025-03-19 18:30:00,20.93471884255142,60.73953254788791,73.51194569557092
2025-03-19 19:00:00,25.5612552893066,62.35198516578057,76.00596872031603
2025-03-19 19:30:00,21.711159184541366,61.83718518163759,70.90044917333611
2025-03-19 20:00:00,21.759785996074623,62.09570747709933,74.98758336184967
2025-03-19 20:30:00,24.438890223647558,62.83135314361494,61.96573035475338
2025-03-19 21:00:00,23.14720075263741,63.0396989601596,80.90285574432474
2025-03-19 21:30:00,28.796739495044683,63.854533827355674,69.16610118262057
2025-03-19 22:00:00,29.80837272329158,65.70105504320195,74.47250308840799
2025-03-19 22:30:00,33.03552956068185,63.458856853447394,73.14460651347655
2025-03-19 23:00:00,35.57208956324166,63.179462861261946,71.9313075332858
2025-03-19 23:30:00,35.29989434221266,64.94988664849139,71.82791862805458
2025-03-20 00:00:00,42.660643278410596,66.6966226978233,71.45708317865194
2025-03-20 00:30:00,40.60918211176892,66.01679612724179,62.62766427377336
2025-03-20 01:00:00,46.98110577269414,66.16601576006244,68.10245513381389
2025-03-20 01:30:00,44.495517175453685,65.88447494124975,76.89904228399192
2025-03-20 02:00:00,50.771754547653444,63.61633752952297,65.47990768617252
2025-03-20 02:30:00,50.56410027588899,64.10156996767685,65.2323210848994
2025-03-20 03:00:00,54.256624872295156,60.89183065376964,81.36771249173268
2025-03-20 03:30:00,54.5936381536319,62.45223941435966,76.66844672928134
2025-03-20 04:00:00,52.983557912149585,63.126048755826496,78.43580710742162
2025-03-20 04:30:00,56.278053195793895,60.37584179608485,70.3471748591972
2025-03-20 05:00:00,59.4859741949768,59.253453636963755,71.75865198284198
2025-03-20 05:30:00,61.10718687417781,59.37456193889218,74.25894165894076
2025-03-20 06:00:00,57.09212763602937,60.240989905611556,73.23137307582263
2025-03-20 06:30:00,55.60920274254125,60.53870672565158,69.91350011538046
2025-03-20 07:00:00,57.604818341291875,61.31824515149207,62.89962672296234
2025-03-20 07:30:00,58.085512154661245,59.54460406268987,66.64890203363831
2025-03-20 08:00:00,56.08487315050538,56.01302790740029,62.72609972034455
2025-03-20 08:30:00,54.27857567722745,54.66619610236293,78.49813040403771
2025-03-20 09:00:00,55.87419048580792,56.646727026160825,68.46372844173852
2025-03-20 09:30:00,54.13786113003678,57.12696009838261,69.64640787399726
2025-03-20 10:00:00,51.51438714223757,54.08781856865786,72.08882932726968
2025-03-20 10:30:00,45.808579545736045,54.896169588111256,70.80625336656054
2025-03-20 11:00:00,45.359756992331,54.76072448383036,73.50588428409213
2025-03-20 11:30:00,42.25405953916264,55.11936276622278,67.73343252033513
2025-03-20 12:00:00,37.175923572350314,54.864990701264674,63.25378352479984
2025-03-20 12:30:00,39.185277725585095,55.60617104024514,80.08700963266556
2025-03-20 13:00:00,35.03034362406007,56.27727776626452,67.65140891200168
2025-03-20 13:30:00,31.407302646038435,55.503677088055625,69.00252133053964
2025-03-20 14:00:00,32.86587092534162,56.473531540407976,67.52424915709473
2025-03-20 14:30:00,29.383185389859058,58.08158352498991,68.9487810256656
2025-03-20 15:00:00,27.600622828463752,55.49929735866042,72.01869220775826
2025-03-20 15:30:00,26.563721087078623,55.96691575521323,75.91042427350146
2025-03-20 16:00:00,24.14582243462477,58.06943604543695,66.93081831477802
2025-03-20 16:30:00,19.0223606474325,60.00087628216525,73.97333929386885
2025-03-20 17:00:00,19.934184276600295,58.93654641162887,69.28324688891728
2025-03-20 17:30:00,22.207671195699817,60.50569001436784,79.05125235584694
2025-03-20 18:00:00,18.492234007179288,59.75876322963913,66.90326985361737
2025-03-20 18:30:00,20.27483264374881,61.63721085927774,73.92250733357186
2025-03-20 19:00:00,21.50641948266054,60.7376997541487,77.2943157950966
2025-03-20 19:30:00,24.434739261420052,62.660068843308174,67.01408878101775
2025-03-20 20:00:00,25.30612811824892,62.96929364627847,74.75425304113267
2025-03-20 20:30:00,25.958590587006064,63.51425170107524,75.21848099488429
2025-03-20 21:00:00,25.513551891533975,64.99016425351897,70.70983184755879
2025-03-20 21:30:00,29.6827853096102,65.1147197687158,73.96246858480411
2025-03-20 22:00:00,31.08414816432015,63.81367453525524,80.3988939671718
2025-03-20 22:30:00,32.050373315165146,65.58934506427549,76.93132575655468
2025-03-20 23:00:00,37.566401179390645,63.21742201884909,73.90697165076611
2025-03-20 23:30:00,38.40568269087316,66.03563397320285,75.28607522065674
2025-03-21 00:00:00,38.51468430506314,67.84145825509208,78.95244811657444
2025-03-21 00:30:00,45.16935185548905,65.58206331931609,83.46730350339695
2025-03-21 01:00:00,44.69210007531515,65.4343029160106,81.42304394159514
2025-03-21 01:30:00,48.86659231020621,64.78215056855487,81.46235561781401
2025-03-21 02:00:00,46.97638543450803,65.26425222008598,86.05723021251231
2025-03-21 02:30:00,52.16105260303942,63.62041474601586,70.69548465756084
2025-03-21 03:00:00,52.2737537078418,64.3141701355579,71.63263525880501
2025-03-21 03:30:00,53.945015443803534,62.882347731510656,67.79766257429014
2025-03-21 04:00:00,53.522124154263615,62.18833026447698,83.91439202154064
2025-03-21 04:30:00,62.786552302964644,62.15245275312333,68.53623161147455
2025-03-21 05:00:00,59.04039100501471,61.35103402274754,80.30196883536863
2025-03-21 05:30:00,60.326658042411744,59.03556435936734,84.75822432922186
2025-03-21 06:00:00,62.23698361082205,62.196741837069524,74.32434389513868
2025-03-21 06:30:00,59.60589064716574,59.608909437317614,78.47725764907484
2025-03-21 07:00:00,60.365777791666815,57.132711350070814,80.93084269074478
2025-03-21 07:30:00,55.77934921229443,59.2875314108459,86.3913840336016
2025-03-21 08:00:00,57.73284498451293,57.595386536299635,75.50581951048432
2025-03-21 08:30:00,55.0584888521778,57.284967159370446,85.23697891699184
2025-03-21 09:00:00,55.16221511979354,57.29613642044616,87.61301251541494
2025-03-21 09:30:00,52.5558617958505,55.26291997096807,85.29064739055924
2025-03-21 10:00:00,47.24707860059563,52.85106561226996,85.84718870907913
2025-03-21 10:30:00,43.967997846529244,55.40582267609836,91.83106090352194
2025-03-21 11:00:00,43.1642203148409,55.53768396065582,87.1430031740591
2025-03-21 11:30:00,44.102339422730815,56.170761674640616,86.40983655631312
2025-03-21 12:00:00,40.86731968215568,54.36839703240756,85.33741262966899
2025-03-21 12:30:00,38.21258022996267,54.90135347329648,90.80857701456138
2025-03-21 13:00:00,30.801264979673476,55.69502655369255,86.58511197278997
2025-03-21 13:30:00,26.983270359001732,55.189621969477436,91.84399788350937
2025-03-21 14:00:00,28.767426905076235,55.545771044886024,89.57789839515111
2025-03-21 14:30:00,27.173621486664366,56.41347530303245,95.27590012414876
2025-03-21 15:00:00,24.664546040166105,55.5937594570746,86.14427369876027
2025-03-21 15:30:00,24.854981924180088,58.66553433494637,91.02861077801185
2025-03-21 16:00:00,22.34934915120512,56.702758574777825,92.94033930552105
2025-03-21 16:30:00,19.161923688485988,58.24755963267034,93.79949574734626
2025-03-21 17:00:00,18.9323884766862,58.50100808291328,97.9498445174916
2025-03-21 17:30:00,20.467341318954407,58.763728358823336,94.7840493265955
2025-03-21 18:00:00,20.154792499295276,60.65920503003985,97.89515928611135
2025-03-21 18:30:00,20.03147132595182,61.78749538659881,103.74722882121215
2025-03-21 19:00:00,25.224624348357352,62.873399974570226,98.68088344908631
2025-03-21 19:30:00,21.004849146622913,62.61854221478553,89.68660339108796
